repo_name;release_count
01org/luv-yocto;0
openembedded/openembedded-core;0
ostroproject/ostro-os;2
riscv/riscv-poky;2
Impactstory/total-impact-core;0
earwig/mwparserfromhell;23
edx/course-discovery;10
luci/recipes-py;0
pollen-robotics/reachy;11
AdamGagorik/pydarkstar;2
CauldronDevelopmentLLC/oh-brother;0
CellProfiler/CellProfiler;34
DigitalCampus/django-oppia;42
HEPData/hepdata;0
KarolBedkowski/kupfer-adds;0
Linaro/lava;0
Linutronix/elbe;1
OpenTransitTools/gtfsdb;5
Rorosha/testcloud;12
SiCKRAGETV/SiCKRAGE;0
Ulauncher/Ulauncher;147
WGLab/EHR-Phenolyzer;2
aranair/rtscli;1
brunobraga/termsaver;0
canonical/cloud-init;35
codalab/codalab-cli;121
coherence-project/Coherence;0
couchbase/perfrunner;0
emesene/emesene;0
erik/alexandra;2
exaile/exaile;29
f-droid/fdroidserver;0
freevo/freevo2;0
geekcomputers/Python;0
geopython/stetl;1
google/clusterfuzz;35
ioFog/iofog-python-sdk;0
joolswills/plugin.video.iplayer;0
keflavich/agpy;0
kobotoolbox/kobocat;59
koroshiya/batoto-downloader-py;0
kyper-data/python-highcharts;8
llvm/llvm-lnt;0
luminousspice/anki-addons;0
mPAND/gnp;0
mdtraj/mdtraj;27
mkolodny/3taps;0
mozilla-services/shavar-list-creation;5
mozilla/telemetry-airflow;45
nitipit/appkit;0
opennode/waldur-mastermind;0
openstack/cloud-init;0
ospalh/anki-addons;0
pachkovsky/sublime-html-to-haml;0
rfkinline/BTC-Dashboard;0
richarvey/getAWSdocs;3
sagemath/sage;115
salopensource/sal-scripts;43
snipem/playstation-price-drop-alert;2
tamasgal/km3pipe;2
tdsmith/homebrew-pypi-poet;10
tkem/mopidy-podcast;0
unixpackage/unixpackage;0
widdowquinn/pyani;16
z411/trackma;21
0x48piraj/abuse;0
Adapter-Hub/adapter-transformers;21
PaulMcInnis/JobFunnel;10
PyTorchLightning/pytorch-lightning;160
blacktwin/JBOPS;0
cltk/cltk;78
gitronald/WebSearcher;0
wellcometrust/WellcomeML;21
yannforget/pylandsat;5
0xJeremy/socket.engine;1
googlefonts/fontbakery;55
mozilla-services/heka-py;0
pilosa/python-pilosa;0
1313e/PRISM;13
NSLS-II/PyXRF;24
PierreRaybaut/PythonQwt;24
PierreRaybaut/guidata;26
cbrnr/mnelab;28
equinor/ert;475
kcjengr/QtPyVCP;44
marcus-oscarsson/pyqtconsole;4
pyvista/pyvistaqt;6
srevinsaju/guiscrcpy;38
tohojo/flent;24
wkentaro/labelme;68
Syncleus/apex;5
csdms/pymt;4
deshaw/pyflyby;24
recipy/recipy;0
scrapy/parsel;15
yashaka/selene;39
18F/calc;0
CLARIAH/COW;0
Tribler/gumby;0
akretion/roulier;19
awemulya/fieldsight-kobocat;0
certtools/intelmq;44
ckan/ckanext-datapackager;1
codesy/codesy;0
eduNEXT/edunext-platform;0
heroku/salesforce-bulk;0
jolynch/mit-tab;0
mitodl/edx2bigquery;0
mlsecproject/combine;5
okfn/dataconverters;0
openelections/openelections-core;0
openstack/cliff;0
opentargets/rest_api;6
praekelt/molo;0
radremedy/radremedy;0
shoopio/shoop;137
sunlightlabs/billy;0
unicefuganda/eums;0
viaict/viaduct;0
18F/cg-compliance;0
5agado/conversation-analyzer;0
6uhrmittag/taskbutler;9
AlienVault-Labs/OTX-Python-SDK;16
AtomicConductor/conductor_client;92
Azelphur/pyPushBullet;0
Behappy123/market-maker;0
BenjV/autosub-bootstrapbill;0
BotBotMe/botbot-plugins;0
Chadsr/NordVPN-NetworkManager;26
Clinical-Genomics/scout;151
CorruptComputer/ProtonDB-Tags;6
Crystalnix/termius-cli;13
DMOJ/online-judge;5
DuckBoss/JJMumbleBot;63
Grazfather/BlackHatPython;0
HDI-Project/ATM;6
HXLStandard/libhxl-python;83
JohnMaguire/Cardinal;32
Jonarzz/DotaResponsesRedditBot;0
KilledMufasa/AmputatorBot;0
Koed00/django-whoshere;6
MTG/freesound;0
Microsoft/agogosml;2
Nervengift/kvvliveapi;1
Nettacker/Nettacker;12
OCHA-DAP/hdx-ckan;691
PSLmodels/Tax-Calculator;97
Pitt-CSC/PittAPI;0
PsychoinformaticsLab/pliers;2
RIPE-NCC/ripe-atlas-cousteau;28
RomelTorres/alpha_vantage;6
SamSchott/maestral;57
SickChill/SickChill;18
SickGear/SickGear;65
SlapOS/slapos.core;0
SpiderOak/netkes;109
StackStorm/st2contrib;0
StevenBlack/hosts;668
Syncplay/syncplay;69
UltrosBot/Ultros;2
WeblateOrg/weblate;97
WorldWideTelescope/pywwt;53
Yinzo/SmartQQBot;1
airbnb/streamalert;28
akamhy/waybackpy;35
alexmojaki/birdseye;0
armadillica/flamenco;3
astropy/pyvo;30
at4260/inbestment;0
aurelg/feedspora;0
avwx-rest/AVWX-Engine;25
banbanchs/pan-baidu-download;1
bebound/Pixiv;0
braiden/python-ant-downloader;0
bvanheu/pytoutv;0
callahantiff/PheKnowLator;10
cancan101/xbmc-coursera;0
caseymrm/drivesink;0
cekit/cekit;72
ckan/ckanext-harvest;26
cloudify-cosmo/cloudify-cli;1
collinsmuriuki/flask-movie-app;0
conix-security/BTG;1
dansan/spring-replay-site;0
datawire/ambassador;205
davidhalter/depl;0
dcos/dcos;2
dissemin/dissemin;2
egirault/googleplay-api;0
ericmandel/pyjs9;15
evilhero/mylar;0
explosion/spaCy;125
fboender/sec-tools;3
ffreitasalves/python-address-to-coordinates;0
finish06/pyunifi;0
folz/cleverbot.py;0
galaxyproject/galaxy;19
gbeced/pyalgotrade;0
glennmatthews/cot;42
gpodder/mygpo-feedservice;0
grow/grow;164
gwpy/gwosc;15
hankhank10/music-screen-api;0
heyman/locust;0
horejsek/python-webdriverwrapper;0
iamseth/python-zenoss;1
ilastik/ilastik;10
indico/indico-plugins;1
janrain/janrain-python-api;9
jcsaaddupuy/python-xbmc;0
jessepeterson/commandment;0
jpmens/mqttwarn;20
jpsenior/threataggregator;0
jupyter/repo2docker;14
jupyterhub/the-littlest-jupyterhub;0
kbuzsaki/bingosync;0
kovacsbalu/WazeRouteCalculator;17
laurentb/weboob;0
lektor/lektor;44
mansimarkaur/http-status;0
marcdacosta/spectrum-wrangler;0
mcphargus/python-glpi;0
mengfeng/zjobs;0
michaeljohnbarr/SteamWebAPI-Python;0
microsoft/nlp-recipes;5
mozilla/treeherder;2
mricon/grokmirror;0
muneebalam/scrapenhl2;0
noise-lab/iot-inspector-client;1
oemof/feedinlib;6
olitheolix/azrael;0
openSUSE/salt;0
openstack-infra/zuul;0
osm-fr/osmose-backend;0
p-e-w/krill;3
pretrehr/Sports-betting;0
project-koku/koku;268
pv8/noipy;14
python-bonobo/bonobo;0
ralphbean/bugwarrior;0
rbaron/dict.cc.py;0
rhinstaller/anaconda;176
rolandgeider/wger;11
romanvm/service.addic7ed;24
rossigee/backups;1
rotki/rotki;110
rsmusllp/king-phisher;29
rthalley/dnspython;4
rvdm/toon;0
scoutapp/scout_apm_python;2
sepich/zabbix;0
simondlr/Python-App.net-API-Wrapper;0
sk1418/zhuaxia;8
sproutsocial/pyfaceb;0
streamlit/streamlit;83
sunlightlabs/python-transparencydata;0
tabatkins/bikeshed;1
tam7t/photograbber;1
terryyin/google-translate-python;0
thp/urlwatch;0
tobi-wan-kenobi/bumblebee-status;40
trezor/python-trezor;0
tuchandra/sleep-analysis;0
xanthics/gw2craft;0
xesscorp/KiCost;11
xirixiz/Home-Assistant-Sensor-Afvalwijzer;124
y-chan/atomicswap-qt;0
y0ssar1an/CSS3;50
4Catalyzer/flask-resty;82
CCI-MOC/haas;3
CityOfPhiladelphia/ais;0
Debian/debsources;0
Diaoul/spkrepo;7
EUDAT-B2SHARE/b2share;56
JARR-aggregator/JARR;18
JackStouffer/Flask-Foundation;5
Jaza/flask-admin-s3-upload;0
MongoEngine/flask-mongoengine;10
NYPL-Simplified/circulation;74
Netflix/security_monkey;18
OctoPrint/OctoPrint;145
Pegase745/sqlalchemy-datatables;12
Robpol86/Flask-Celery-Helper;2
StackFocus/PostMaster;3
StartupsPoleEmploi/labonneboite;5
alephdata/aleph;29
all-of-us/raw-data-repository;461
alphagov/notifications-admin;0
apache/airflow;88
bear/kaku;1
betterlife/betterlifepsi;9
blockstack/blockstack-core;118
cburmeister/flask-bones;0
cookiecutter-flask/cookiecutter-flask;0
csm-aut/csm;7
danbruegge/flaskeleton;0
davidmcclure/open-syllabus-project;0
dchaplinsky/unshred-tag;0
dpgaspar/Flask-AppBuilder;40
etalab/udata;99
fedora-infra/anitya;32
fedora-infra/fedocal;0
fedora-infra/mirrormanager2;1
fedora-infra/nuancier;0
flask-admin/flask-admin;17
frol/flask-restplus-server-example;0
geopython/GeoHealthCheck;9
getredash/redash;98
getslash/backslash;22
gyllstromk/Flask-WhooshAlchemy;0
hasgeek/funnel;0
italomaia/vuejs-python;0
jezdez/Flask-RQ2;0
jfinkels/flask-restless;25
joshfriend/flask-restful-demo;0
kylewm/redwind;0
lepture/zerqu;0
levlaz/braindump;10
ludovicchabant/PieCrust2;0
lyft/confidant;10
malept/gmusicprocurator;0
miguelgrinberg/flask-pycon2014;0
mirror/moin-2.0;0
moinwiki/moin;2
noirbizarre/flask-fs;0
nsacyber/WALKOFF;40
nutechsoftware/alarmdecoder-webapp;3
oldarmyc/pitchfork;0
omab/python-social-auth;0
osmlab/maproulette;5
pjuu/pjuu;0
puffinrocks/puffin;0
pypingou/pagure;0
raymondEhlers/OVERWATCH;8
rdegges/flask-heroku-cacheify;0
realpython/cookiecutter-flask-skeleton;12
sagemath/sagenb;10
scragg0x/realms-wiki;2
seiferta/eMonitor;6
sepro/MemoBoard;15
skylines-project/skylines;0
spiral-project/ihatemoney;13
stormpath/stormpath-flask;0
tetherless-world/whyis;5
tsuru/healthcheck-as-a-service;0
voxpupuli/puppetboard;61
wuvt/wuvt-site;0
xen/flask-project-template;0
18F/openFEC;0
21dotco/two1-python;0
Clarifai/clarifai-python;34
Cornices/cornice;36
Fueled/django-init;0
GeotrekCE/Geotrek-admin;351
GoogleCloudPlatform/forseti-security;63
LinOTP/LinOTP;0
MDAnalysis/mdanalysis;30
Mergifyio/mergify-engine;9
OpenMDAO/OpenMDAO;4
OpenMined/PySyft;152
PyMySQL/PyMySQL;7
RPing/influx-prompt;8
Scitator/catalyst;41
TotallyNotRobots/CloudBot;4
alphagov/notifications-api;0
ansible/galaxy;7
blaze/distributed;8
ceph/teuthology;0
cfpb/cfgov-refresh;1586
cfpb/wagtail-sharing;27
circus-tent/circus;7
clearlinux/autospec;13
coagulant/pyvideo.ru;0
corteva/geocube;30
crossbario/autobahn-python;0
delfick/photons;76
dj-stripe/dj-stripe;70
django-guardian/django-guardian;0
elifesciences/sciencebeam;11
elifesciences/sciencebeam-gym;3
elyra-ai/elyra;18
facebookresearch/detectron2;10
feedhq/feedhq;0
freelawproject/courtlistener;0
girder/girder;0
gunthercox/ChatterBot;86
healthchecks/healthchecks;59
httpie/httpie;46
idan/oauthlib;48
ideascube/ideascube;0
infobyte/faraday;85
jazzband/pip-tools;69
lbryio/lbry;282
liqd/adhocracy3;0
matrix-org/sydent;24
menpo/menpo;34
missionpinball/mpf;34
mlflow/mlflow;99
mopidy/mopidy;17
mopidy/mopidy-gmusic;13
mopidy/mopidy-mpris;14
mopidy/mopidy-spotify;27
moremoban/moban;61
mozilla/addons-server;5
mozilla/kitsune;16
mozilla/pontoon;29
mozmeao/snippets-service;95
mytardis/mytardis;20
nipy/nibabel;40
openstack-dev/hacking;0
openstack-infra/reviewstats;0
openstack/aodh;0
openstack/barbican;0
openstack/bifrost;0
openstack/blazar;0
openstack/castellan;0
openstack/ceilometer;0
openstack/ceilometermiddleware;0
openstack/charm-cinder-ceph;0
openstack/charm-heat;0
openstack/charm-swift-storage;0
openstack/cloudkitty;0
openstack/compute-hyperv;0
openstack/cyborg;0
openstack/designate;0
openstack/ec2-api;0
openstack/election;0
openstack/freezer;0
openstack/freezer-api;0
openstack/futurist;0
openstack/glance;0
openstack/glance_store;0
openstack/heat;0
openstack/heat-cfntools;0
openstack/heat-translator;0
openstack/horizon;0
openstack/ironic;0
openstack/ironic-inspector;0
openstack/ironic-lib;0
openstack/ironic-python-agent;0
openstack/karbor;0
openstack/keystone;0
openstack/keystoneauth;0
openstack/keystonemiddleware;0
openstack/kolla;0
openstack/kuryr;0
openstack/magnum;0
openstack/manila;0
openstack/manila-ui;0
openstack/mistral;0
openstack/monasca-agent;0
openstack/monasca-notification;0
openstack/monasca-ui;0
openstack/murano;0
openstack/murano-dashboard;0
openstack/networking-bgpvpn;0
openstack/networking-generic-switch;0
openstack/networking-hyperv;0
openstack/networking-l2gw;0
openstack/networking-midonet;0
openstack/networking-odl;0
openstack/networking-sfc;0
openstack/neutron;0
openstack/neutron-lib;0
openstack/neutron-vpnaas;0
openstack/openstacksdk;0
openstack/os-apply-config;0
openstack/os-brick;0
openstack/os-client-config;0
openstack/os-collect-config;0
openstack/os-net-config;0
openstack/os-performance-tools;0
openstack/os-refresh-config;0
openstack/os-testr;0
openstack/os-vif;0
openstack/os-win;0
openstack/osc-lib;0
openstack/oslo.cache;0
openstack/oslo.concurrency;0
openstack/oslo.config;0
openstack/oslo.db;0
openstack/oslo.i18n;0
openstack/oslo.log;0
openstack/oslo.middleware;0
openstack/oslo.policy;0
openstack/oslo.privsep;0
openstack/oslo.reports;0
openstack/oslo.rootwrap;0
openstack/oslo.serialization;0
openstack/oslo.service;0
openstack/oslo.utils;0
openstack/oslo.versionedobjects;0
openstack/oslo.vmware;0
openstack/oslotest;0
openstack/osprofiler;0
openstack/pycadf;0
openstack/python-aodhclient;0
openstack/python-barbicanclient;0
openstack/python-blazarclient;0
openstack/python-brick-cinderclient-ext;0
openstack/python-cinderclient;0
openstack/python-cloudkittyclient;0
openstack/python-designateclient;0
openstack/python-dracclient;0
openstack/python-glanceclient;0
openstack/python-heatclient;0
openstack/python-ironic-inspector-client;0
openstack/python-ironicclient;0
openstack/python-keystoneclient;0
openstack/python-magnumclient;0
openstack/python-manilaclient;0
openstack/python-mistralclient;0
openstack/python-monascaclient;0
openstack/python-muranoclient;0
openstack/python-neutronclient;0
openstack/python-novaclient;0
openstack/python-openstackclient;0
openstack/python-saharaclient;0
openstack/python-searchlightclient;0
openstack/python-senlinclient;0
openstack/python-solumclient;0
openstack/python-tackerclient;0
openstack/python-troveclient;0
openstack/python-vitrageclient;0
openstack/python-watcherclient;0
openstack/reno;0
openstack/requirements;0
openstack/sahara;0
openstack/sahara-tests;0
openstack/searchlight;0
openstack/senlin;0
openstack/senlin-dashboard;0
openstack/solum;0
openstack/stevedore;0
openstack/sushy;0
openstack/tacker;0
openstack/taskflow;0
openstack/tempest;0
openstack/tooz;0
openstack/tripleo-common;0
openstack/tripleo-repos;0
openstack/trove;0
openstack/trove-dashboard;0
openstack/vitrage;0
openstack/watcher;0
openstack/zaqar;0
openstack/zun;0
openwisp/openwisp-monitoring;6
optuna/optuna;65
pfnet/pfio;37
pfnet/pfrl;5
philgyford/django-ditto;0
philgyford/pepysdiary;0
pimoroni/mopidy-raspberry-gpio;5
praw-dev/asyncpraw;12
pypa/bandersnatch;31
pypa/pip;0
pypa/readme_renderer;29
pyproj4/pyproj;52
realsuayip/django-sozluk;19
rectalogic/mopidy-pandora;13
rigetti/grove;8
rtfd/readthedocs.org;0
salesforce/django-declarative-apis;18
saltstack/heist;0
simon-weber/gmusicapi;0
sphinx-doc/sphinx;57
stoq/stoq;0
taigaio/taiga-back;0
tensorflow/hub;20
tfeldmann/organize;49
tkem/mopidy-dleyna;0
tkem/mopidy-internetarchive;0
tkem/mopidy-podcast-itunes;0
torchbox/wagtail;244
unknown-horizons/unknown-horizons;25
vrcmarcos/elasticmock;0
webkom/lego;4
zalando-stups/zign;9
zalando/connexion;138
zulip/python-zulip-api;0
1995eaton/xkcd_downloader;0
BlueDi/Hand-Detection;1
LyfeOnEdge/HBUpdater;21
cclib/cclib;26
daquexian/DNNConvertTool;0
jakubcerveny/gilbert;0
jsalt18-sentence-repl/jiant;19
kezakez/python-web-crawler;0
pantsbuild/pants;518
r-darwish/pushbullet-cli;4
sneakerhax/Python-Network-Tools;0
spotdl/spotify-downloader;85
weiHelloWorld/accelerated_sampling_with_autoencoder;3
1Konny/FactorVAE;0
himkt/pyner;3
lucianopaz/compress_pickle;0
openvinotoolkit/open_model_zoo;0
scrapinghub/scrapy-autounit;14
sosy-lab/benchexec;60
takeshixx/deen;0
1Prototype1/HexBot;6
916253/Kurisu;0
AnggaR96s/UserBot;0
CyberDiscovery/cyberdisc-bot;0
KenHV/KensurBot;0
Nathan-LS/Insight;11
Nick80835/microbot;0
Noctem/Monocle;0
OpenLEADR/openleadr-python;4
ParadoxAlarmInterface/pai;35
Roxxers/roxbot;12
UsergeTeam/Userge-Plugins;1
WLM1ke/poptimizer;0
adekmaulana/ProjectBish;0
aidilaryanto/ProjectDils;0
aiortc/aiortc;0
danieldotnl/hass-multiscrape;11
dolphingarlic/git-the-lines;0
fortifying/OUBnew;0
freenas/freenas;0
kantek/kantek;0
keselekpermen69/userbutt;0
kevinjycui/Practice-Bot;0
kissgyorgy/simple-podcast-dl;2
laramies/theHarvester;26
lgrahl/threema-msgapi-sdk-python;17
lnmds/jose;0
okfn-brasil/violencia-nao-tem-partido;0
qtumproject/qtum-electrum;46
randovania/randovania;124
raulcd/meteora;0
stan-dev/pystan;0
stayingqold/Poll-Bot;0
y-young/nazurin;24
1and1/confluencer;1
PennyDreadfulMTG/Penny-Dreadful-Tools;0
Springerle/py-generic-project;3
abrt/faf;6
fedora-infra/python-fedora;6
jhermann/rituals;5
novafloss/django-generic-filters;22
onepercentclub/bluebottle;369
openstack-infra/shade;0
openstack/solar;0
redhat-openstack/rdopkg;0
santoshphilip/eppy;33
1jingdian/1jingdian;1
dropbox/changes;0
AppScale/appscale-tools;23
Borda/BIRL;6
DLR-RM/BlenderProc;6
DMS-Aus/Roam;15
DualSpark/cloudformation-environmentbase;1
IMGIITRoorkee/omniport-backend;0
ImmobilienScout24/aws-monocyte;1
NathanW2/qmap;0
Nekroze/drydock;0
Parallels/githooks;0
SethWalkeroo/Quiet-Text;2
SiggiGue/hdfdict;0
StackStorm/st2;70
Trilarion/imperialism-remake;0
UCL-INGI/INGInious;4
amigcamel/ji.py;0
awslabs/sockeye;76
benhoff/CHATIMUSMAXIMUS;4
bertvv/github-org-mgmt;0
chnsh/DCRNN_PyTorch;0
choderalab/Protons;7
cloudify-cosmo/cloudify-manager;3
creativecommons/ccos-scripts;0
cronyo/cronyo;0
dataversioncontrol/dvc;544
dssg/police-eis;1
earwig/earwigbot;0
edx/xqueue;2
epinna/weevely3;12
fail0verflow/thud;0
frnsys/nomadic;0
hammerlab/mhcflurry;28
hibtc/cpymad;16
jclgoodwin/bustimes.org;0
jorisroovers/yamlpal;1
kunyavskiy/polygon-cli;0
kwodzicki/video_utils;0
metabrainz/picard;77
monarch-initiative/dipper;2
netsec-ethz/scion;2
oddshocks/pythong;0
openstack/deb-sahara;0
openstack/entropy;0
patacrep/patacrep;6
poldracklab/niworkflows;171
renfredxh/compilebot;0
ros-infrastructure/bloom;6
srid99/einthusan-dl;0
tarantool/test-run;0
torchbox/django-pattern-library;8
usaito/unbiased-implicit-rec-real;0
vmware/tosca-vcloud-plugin;0
borisbabic/browser_cookie3;6
ihaveamac/3dsconv;17
mkb79/Audible;35
patvdleer/nefit-client-python;1
255BITS/HyperGAN;7
DDeGonge/Shuffle-o-matic;0
DiamondLightSource/Savu;23
MultiAgentLearning/playground;0
PingoLH/FCHarDNet;0
Samsung/veles.znicz;0
dheera/rosshow;0
psychopy/psychopy;110
python-microscopy/python-microscopy;39
tychovdo/RevGAN;0
26fe/jsonstat.py;0
Alir3z4/python-short_url;1
AppScale/appscale;29
Azd325/gingerit;0
BNUCNL/dnnbrain;0
Baekalfen/PyBoy;32
BingqingCheng/ASAP;1
BlackLight/platypush;0
Breakthrough/PySceneDetect;33
Chris-Johnston/Easier68k;1
ChrisCummins/phd;2
City-of-Helsinki/respa;19
Clinical-Genomics/BALSAMIC;33
Cog-Creators/Red-DiscordBot;83
Dan6erbond/aPRAW;18
DataDog/dd-trace-py;521
DeepRegNet/DeepReg;4
DiamondLightSource/diffcalc;2
DigitaleGesellschaft/Anonip;3
DistributedSystemsGroup/zoe;0
ESMValGroup/ESMValCore;50
FAForever/server;71
GeorgeCiesinski/text-script;6
GeoscienceAustralia/PyRate;7
GoogleCloudPlatform/terraform-python-testing-helper;36
HTTP-APIs/hydrus;15
IBM/lale;84
JNRowe/pyisbn;10
KanoComputing/kano-toolset;51
KeepSafe/aiohttp;150
Kefkius/steemvote;0
KimiNewt/pyshark;16
LLNL/spack;44
Marigold/universal-portfolios;0
Materials-Consortia/optimade-python-tools;86
Mouse-Imaging-Centre/pyminc;14
MozillaSecurity/laniakea;8
MozillaSecurity/lithium;11
NSLS-II/ophyd;13
OGGM/oggm;22
OP2/PyOP2;116
OpenCageData/python-opencage-geocoder;0
PGijsbers/gama;1
PennyLaneAI/pennylane;58
ProjectQ-Framework/ProjectQ;24
PyAr/CDPedia;1
PythonicNinja/pydrill;0
QCoDeS/Qcodes;83
Raybeam/rb_status_plugin;3
RoboCupULaval/StrategyIA;3
RunestoneInteractive/RunestoneServer;25
S1M0N38/aao;0
SaltieRL/carball;3
SamR1/FitTrackee;81
SparkTC/enterprise_gateway;38
StellarCN/py-stellar-base;148
Telefonica/toolium;63
TileDB-Inc/TileDB-Py;140
Toblerity/Fiona;23
Toblerity/keytree;0
Toblerity/rtree;13
Trusted-AI/adversarial-robustness-toolbox;58
Ultimaker/Uranium;7
XKNX/xknx;121
XanaduAI/SFOpenBoson;4
Yelp/task_processing;0
acsone/setuptools-odoo;21
adamchainz/patchy;0
aellwein/myLwM2M;0
aio-libs/aiohttp-session;24
aio-libs/aioredis;29
aistairc/market-reporter;1
akrherz/pyIEM;30
albermax/innvestigate;6
alphatwirl/alphatwirl;43
amosbastian/fpl;0
amphibian-dev/toad;9
amzn/amazon-ray;0
ansible-community/ansible-lint;97
ansible/ansible;99
appium/python-client;9
arkhn/fhir-river;2
astropy/astroplan;4
avinetworks/sdk;0
aws/sagemaker-xgboost-container;6
awslabs/autogluon;33
beer-garden/beer-garden;66
benbovy/xarray-simlab;0
biologyguy/BuddySuite;16
biosustain/cameo;33
blue-yonder/pydse;0
bmoscon/cryptofeed;73
braindecode/braindecode;5
brechtm/rinohtype;15
bsmurphy/PyKrige;11
captainhammy/Houdini-Toolbox;0
carpedm20/fbchat;47
chainer/chainer-chemistry;8
cobbler/cobbler;42
cobrateam/splinter;14
codeforpdx/recordexpungPDX;73
couchbaselabs/mobile-testkit;0
covid-projections/covid-data-model;0
creare-com/podpac;16
cylc/cylc;100
dabeaz/curio;0
darcymason/pydicom;29
databricks/koalas;47
databricks/mlflow;0
dateutil/dateutil;20
davidh-ssec/polar2grid;9
dbcli/mssql-cli;9
dhimmel/obonet;6
dictation-toolbox/dragonfly;0
dlr-eoc/rest_framework_filterdsl;0
dnouri/skorch;16
dropbox/dropbox-sdk-python;95
dstrigl/htheatpump;10
duniter/sakia;78
edx/edx-lint;33
edyoung/gnofract4d;4
elasticluster/elasticluster;0
eltonlaw/impyute;0
equinor/gordo;218
erezlife/html2docx;4
ericaltendorf/plotman;0
eventbrite/pysoa;1
fabioz/PyDev.Debugger;0
fchollet/keras;70
fitodic/centerline;6
flairNLP/flair;26
flashcode/msgcheck;8
freedombox/FreedomBox;0
freeipa/freeipa;0
frejanordsiek/hdf5storage;0
frgfm/torch-cam;8
gabimelo/flask-boilerplate;0
gaphor/gaphas;55
gaphor/gaphor;64
gatheringhallstudios/MHWorldData;29
geopy/geopy;37
getnikola/nikola;80
giganticode/codeprep;3
gijzelaerr/python-snap7;21
glotzerlab/signac;14
google/personfinder;0
grundic/yagocd;0
gvalkov/tailon-legacy;0
hachmannlab/ChemML;5
hideaki-t/sqlite-fts-python;0
hltcoe/concrete-python;4
hugovk/pypistats;29
ibizaman/pcachefs;0
icarus-sim/icarus;0
iclab/centinel;0
idlesign/torrt;0
intjelic/python-sfml;0
ishepard/pydriller;43
jgayfer/pydest;5
jhfjhfj1/autokeras;59
joke2k/faker;280
josuebrunel/yahoo-oauth;7
jupyter-widgets/traittypes;0
k-bx/python-semver;19
kbandla/dpkt;11
kenfar/DataGristle;5
khaeru/py-gdx;3
ktbs/ktbs;0
larq/zoo;58
lbl-anp/becquerel;17
leapcode/soledad;0
legoktm/toolforge;0
libvips/pyvips;0
lingthio/Flask-User;6
lockwooddev/python-wowapi;8
mackelab/sbi;31
marazmiki/django-webdav-storage;0
matthewgilbert/pdblp;9
mciepluc/cocotb-coverage;3
microsoft/fastseq;2
microsoft/graspologic;16
microsoft/playwright-python;89
mindsdb/mindsdb;241
mirhmousavi/Pois;0
mit-crpg/openmc;20
mjhea0/flaskr-tdd;0
ml31415/numpy-groupies;14
monocongo/climate_indices;2
nautechsystems/nautilus_trader;106
nco/pynco;6
nengo/nengo;21
neo4j/neo4j-python-driver;105
neutronpy/neutronpy;1
nicolewhite/cycli;6
nipy/nipype;43
ns1/ns1-python;7
nvictus/priority-queue-dictionary;7
oVirt/vdsm;22
ocadotechnology/aimmo;587
oceanprotocol/tokenspice;0
odlgroup/odl;15
okfn-brasil/diario-oficial;0
openstenoproject/plover;43
opsdroid/opsdroid;50
osbuild/osbuild;131
p3trus/slave;0
pablobuenaposada/HonDash;1
pantsbuild/pex;275
paulgavrikov/visualkeras;6
pbrod/Nvector;3
pbrod/numdifftools;1
pektin/jam;0
photosynthesis-team/photosynthesis.metrics;17
plasmax/PythonEditor;0
plastex/plastex;4
playpauseandstop/rororo;46
plotly/dash;70
pragmaticcoders/serialization;0
probabilistic-numerics/probnum;29
probcomp/cgpm;0
prostodata/prosto;0
pydicom/pynetdicom;20
pylast/pylast;34
pymc-devs/aesara;51
pymedusa/SickRage;124
python-pillow/Pillow;56
pywbem/pywbem;58
pyxem/pyxem;32
qba73/circleclient;0
quark-engine/quark-engine;61
qutip/qutip;28
radomirbosak/duden;17
raymondbutcher/pretf;0
rehandalal/flask-mobility;0
reportportal/agent-Python-RobotFramework;23
robocorp/rpa-framework;3
robotframework/SeleniumLibrary;57
rohe/oictest;0
roskakori/pygount;7
rubik/mando;4
rubik/radon;0
runfalk/spans;0
s3ql/s3ql;31
salu133445/pypianoroll;15
scikit-hep/boost-histogram;30
scikit-image/scikit-image;32
scikit-multilearn/scikit-multilearn;4
scrapinghub/shub;37
se2p/pynguin;55
sentinel-hub/sentinel2-cloud-detector;12
shaunduncan/helga;0
shoumikchow/bbox-visualizer;1
sixty-north/segpy;0
sjkingo/python-freshdesk;19
smaniotto/django-nomad;6
smarie/python-autoclass;12
snipsco/snips-nlu-metrics;15
sobolevn/django-split-settings;9
sopel-irc/sopel;72
soxofaan/duviz;5
stellargraph/stellargraph;25
suds-community/suds;0
sunpy/sunpy;139
supermihi/pytaglib;12
theislab/sfaira;16
toddsifleet/retrypy;0
tomerfiliba/plumbum;10
uber/h3-py;23
uber/petastorm;48
usnistgov/pyMCR;8
vatlab/SOS;51
vmware/container-service-extension;0
wavespectra/wavespectra;14
weecology/retriever;12
widdowquinn/find_differential_primers;2
wikimedia/cumin;16
wikimedia/integration-config;0
willcl-ark/lnd_grpc;12
williballenthin/python-registry;5
wookayin/gpustat;11
xflr6/graphviz;0
xigt/xigt;5
yhat/pandasql;0
ymyzk/python-gyazo;28
ynop/audiomate;1
zapatacomputing/z-quantum-core;15
Arcana/dotabank-web;0
CenterForOpenScience/osf.io;21
DIRACGrid/DIRAC;211
DataDog/datadogpy;62
DataDog/dd-agent;103
DeastinY/CoffeeRecommendationBot;0
Element-34/py.saunter;0
Ghirensics/ghiro;2
MichaelVL/osm-analytic-tracker;0
Mozilla-TWQA/Hasal;11
MrSprigster/Twitch-on-Kodi;56
NotEnoughMods/NotEnoughModPolling;0
OnToology/OnToology;7
OpenCanada/website;15
PushFish/pushfish-api;0
R-a-dio/Hanyuu-sama;0
RedTuna/mysolr;0
Sandmann79/xbmc;3
SurveyMonkey/pyteamcity;0
TeamHG-Memex/aquarium;0
aburgasser/splat;0
alexwlchan/archive-pinboard;0
allankp/pytest-testrail;14
amet/script.xbmc.subtitles;0
andrewferguson/YahooGroups-Archiver;0
aussieaddons/plugin.video.afl-video;0
azavea/python-omgeo;0
barnumbirr/ares;3
beebeeep/cacus;11
beetbox/pyacoustid;0
bogdal/django-gcm;1
brad-accuvant/cuckoo-modified;0
bryantbhowell/tableau_tools;42
certbot/certbot;52
ckan/ckanext-archiver;0
ckan/datapusher;7
daily-bruin/meow;0
denyhosts/denyhosts;3
drego85/JoomlaScan;0
enthought/enstaller;0
eofs/django-rest-framework-proxy;0
fazalmajid/temboz;0
flyte/upnpclient;0
foospidy/GrepBugs;2
foospidy/HoneyPy;18
getsentry/sentry;135
gleitz/howdoi;0
gtaylor/paypal-python;0
h3llrais3r/Auto-Subliminal;23
hfaran/piazza-api;19
hypothesis/h;85
ikreymer/pywb;41
internetarchive/openlibrary;107
ireapps/first-web-scraper;2
jarek/electric2go;0
joaquincasares/pagerduty;0
john-kurkowski/tldextract;7
kivy-garden/garden.mapview;0
legalosLOTR/mdb;0
lepinkainen/pyfibot;1
llimllib/limbo;1
loadimpact/loadimpact-server-metrics;2
log2timeline/plaso;48
mgckind/easyaccess;20
mixja/cfn-lambda-handler;7
mozilla/mozregression;108
mozilla/version-control-tools;0
nishantsahoo/IMDB_Top50_Scrape;0
onefinestay/gonzo;0
ooici/elasticpy;0
opencivicdata/scrapers-us-municipal;0
openstack/deb-heat;0
openstack/deb-rally;0
openstack/fuel-qa;0
opentargets/data_pipeline;16
openvstorage/framework;70
parklab/refinery-platform;36
pinry/pinry;0
platformio/platformio-api;0
prateekiiest/Code-Sleep-Python;1
predicador37/pyjstat;0
prezi/reddalert;0
proycon/clam;88
pysat/pysat;38
raptor2101/PodCatcher;0
reiven/pungabot;0
roundware/roundware-server;1
ryanlarrabure/DarkSky.py;0
sailthru/sailthru-python-client;3
scholrly/neo4django;0
scrapinghub/python-scrapinghub;9
sesh/piprot;0
sethblack/python-seo-analyzer;11
six-pack/Axis-Mundi;7
sonata-nfv/son-emu;9
splunk/splunk-ansible;63
ssato/rpmkit;0
stefantalpalaru/deluge-default-trackers;1
tamentis/cartman;0
taxigps/xbmc-addons-chinese;0
teampopong/crawlers;0
torre76/gd_shortener;0
virt-who/virt-who;0
vmware/pyvmomi;28
yoannsculo/JobCatcher;0
3stack-software/celery-cloudwatch;0
ENCODE-DCC/encoded;84
FCP-INDI/C-PAC;38
GeoNode/geonode;42
GoogleCloudPlatform/PerfKitBenchmarker;17
JulienBalestra/enjoliver;0
Kitware/cumulus;0
Koed00/django-q;78
MicroPyramid/django-ses-gateway;2
MuckRock/muckrock;0
Nextdoor/kingpin;24
NixOS/nixops;0
NixOS/nixops-aws;0
OpenBounds/Processing;3
PUNCH-Cyber/stoq-plugins-public;13
RaRe-Technologies/smart_open;51
SUSE/Enceladus;0
StreetVoice/django-elastic-transcoder;0
Yelp/amira;0
Yelp/elastalert;1
andsens/bootstrap-vz;1
ansible-collections/amazon.aws;62
ansible/ansible-modules-core;0
apache/fluo-muchos;0
artsy/hokusai;37
aws-samples/aws-python-sample;0
aws-samples/machine-learning-samples;0
aws/aws-parallelcluster;89
azavea/raster-foundry;3
biothings/biothings.api;9
bitly/assetman;1
braahyan/PAWS;0
buildbot/buildbot;74
carlsborg/dust;4
celery/kombu;32
censusreporter/census-api;0
century-arcade/xd;0
cfn-sphere/cfn-sphere;0
cloudtools/stacker;38
commoncrawl/cc-pyspark;0
conda/conda;167
demozoo/demozoo;0
django-ses/django-ses;50
e-dard/flask-s3;1
edx/configuration;0
edx/edx-ora2;309
etianen/django-s3-storage;9
foxpass/foxpass-ipsec-vpn;0
frascoweb/frasco;0
gtaylor/django-dynamodb-sessions;0
hsingh/ansible-elastic-beanstalk;3
humilis/humilis;0
iwd32900/minus80;0
jantman/awslimitchecker;33
jcjohnson/simple-amt;0
jonhadfield/ansible-lookups;0
jonls/s3-deploy-website;0
jpetrucciani/bucketstore;4
lionheart/git-bigstore;0
mapproxy/mapproxy;5
mapzen/tilequeue;38
marrow/mailer;2
mgrp/django-distill;16
mozilla-services/autopush;90
mozilla-services/socorro;192
mvanholsteijn/aws-visualizer;0
nchammas/flintrock;14
ngageoint/scale;39
novemberfiveco/s3pypi;32
open-craft/opencraft;15
openstax/openstax-cms;227
percolate/ec2-security-groups-dumper;0
plecto/motorway;2
rdegges/flask-dynamo;0
revmischa/udo;0
rhelmer/caching-s3-proxy;0
sbrunner/tilecloud-chain;75
scopely/shudder;1
scrapinghub/spidermon;10
seatgeek/haldane;1
skymill/aws-ec2-assign-elastic-ip;0
spotify/luigi;59
spulec/PyQS;0
spulec/moto;30
tendenci/tendenci;116
toastdriven/alligator;0
wamdam/backy2;22
xethorn/garcon;31
zalando-stups/berry;5
zalando-stups/senza;127
zalando-stups/stups-etcd-cluster;0
znb/Elastic-Elephant;0
zulip/zulip;104
5j9/wikitextparser;0
AnimeKaizoku/SaitamaRobot;2
Fogapod/KiwiBot;0
Murodese/pynab;9
cloudera/ibis;22
d0c-s4vage/py010parser;0
dariober/bioinformatics-cafe;0
gentoomen/bhottu;0
hiviah/https-everywhere-checker;0
intgr/topy;4
m-labs/pythonparser;0
mediacloud/backend;0
netzob/netzob;4
nltk/nltk;0
nvbn/everpad;0
psf/black;44
robshakir/pyangbind;10
scrapinghub/dateparser;29
securisec/chepy;52
vertexproject/synapse;315
xxyzz/WordDumb;115
9b/pastycake;0
ARTFL-Project/PhiloLogic4;62
closeio/quotequail;0
dmarx/VideoLinkBot;0
ericholscher/django-crawler;0
ericholscher/django-test-utils;0
ja11sop/cuppa;0
kovidgoyal/calibre;303
masmu/pulseaudio-dlna;0
neka-nat/SBIcomm;0
openstates/openstates-scrapers;0
securusglobal/abrupt;0
sunlightlabs/saucebrush;0
ANTsX/ANTsPyNet;0
AntonMu/TrainYourOwnYOLO;2
HighCWu/keras-bert-tpu;0
HzFu/MNet_DeepCDR;0
SeldonIO/alibi;33
SimonBlanke/hyperactive;31
Tobias-Fischer/rt_gene;10
VinF/General_Deep_Q_RL;0
aizvorski/vgg-benchmarks;0
amobiny/Self-Supervised_Jigsaw_Puzzle;0
angsten/pianonet;0
beringresearch/ivis;36
boat-group/fancy-nlp;0
christianversloot/extra_keras_datasets;31
datlife/yolov2;0
etnguyen03/photomanager;0
evilsocket/ergo;17
google/qkeras;6
heshenghuan/LSTM-CRF;0
jaredwinick/img2vec-keras;0
keras-team/keras-tuner;32
lukas/ml-class;0
maxpumperla/elephas;10
nerox8664/onnx2keras;0
project-deepform/deepform;0
rianrajagede/iris-python;0
ryogrid/fx_systrade;0
xamyzhao/brainstorm;0
Impactstory/depsy;0
PMEAL/OpenPNM;39
ejeschke/ginga;25
igmhub/picca;21
jobovy/galpy;20
matplotlib/matplotlib;87
nkarasiak/dzetsaka;33
numbbo/coco;41
ratschlab/spladder;24
ryanGT/krauss_misc;0
scikit-learn/scikit-learn;42
scipy/scipy;93
springer-math/Mathematics-of-Epidemics-on-Networks;0
APrioriInvestments/typed_python;0
Bookworm-project/BookwormDB;9
FORTH-ICS-INSPIRE/artemis;12
abe-winter/pg13-py;9
canada-ca/tracker;2
checktheroads/hyperglass;27
gearbot/GearBot;0
linzhiming0826/sanic-restful;7
long2ice/mysql2ch;24
materials-data-facility/forge;29
rstms/txTrader;0
simonacca/zatt;0
themill/wiz;0
zulip/zulip-terminal;7
ARMmbed/mbed-cli;43
AlekseyDurachenko/vkdevastator;2
CellProfiler/CellProfiler-Analyst;6
ClimateCodeFoundation/ccc-gistemp;0
CubicERP/cubicerp;5
Flexget/Flexget;282
GENI-NSF/geni-tools;4
JamieBennett/rsstorrent;0
MG-RAST/kmerspectrumanalyzer;0
NCMI/jsonrpc;0
NerdfighterSean/bitcointip;0
PokemonGoF/PokemonGo-Bot;7
SpamExperts/pyzor;0
WestonSF/ArcGISDataToolkit;0
akvo/akvo-rsr;117
aronbierbaum/txsuds;0
autotest/autotest;0
biokit/biokit;2
camptocamp/c2cgeoportal;66
changwoo/hunspell-dict-ko;0
clalancette/oz;2
codefordc/ancfinder;0
debomatic/debomatic;21
delmic/odemis;0
devsnd/cherrymusic;0
donnemartin/haxor-news;4
ganglia/gmond_python_modules;0
gramps-project/addons-source;0
gwastro/pycbc;157
hpe-storage/python-3parclient;1
inpho/inpho;0
jacketsu/sentiment_tweetMap;1
jonathansick/ads_bibdesk;0
kennethreitz/gistapi.py;0
kfdm/gntp;0
maloep/romcollectionbrowser;8
muaddibttv/tools_and_parsers;0
openstack/anvil;0
owenmorris/chandler;0
phrawzty/AudioAddict.bundle;9
ros-drivers/axis_camera;0
sabnzbd/sabnzbd;223
stamparm/maltrail;61
svn2github/chromium-depot-tools;0
walterdejong/synctool;0
weblabdeusto/weblabdeusto;0
yomguy/DeeFuzzer;9
ARMmbed/mbed-cloud-sdk-python;0
AllenInstitute/ipfx;6
CiscoSystems/avos;0
E2OpenPlugins/e2openplugin-OpenWebif;0
ManageIQ/wrapanapi;69
Shopify/shopify_python_api;0
Yelp/Tron;17
adrienverge/PhotoCollage;0
agmangas/wot-py;0
aiidateam/aiida-core;35
bbangert/routes;0
beetbox/beets;34
caktus/django-timepiece;0
chapmanb/bcbb;0
cigroup-ol/windml;0
datadotworld/data.world-py;24
datalad/datalad;109
discolabs/django-shopify-auth;0
emc-openstack/vnx-direct-driver;26
frappe/erpnext;1402
frappe/frappe;1280
gramener/gramex;0
graphcool/python-graphql-client;0
iiSeymour/nbtop;3
jaraco/wolframalpha;11
jparyani/mediagoblin;0
livecd-tools/livecd-tools;0
luci/luci-py;0
lxc/pylxd;12
mesosphere/marathon-lb;52
mozilla/python_mozetl;0
openatv/enigma2;10
openstack-infra/jeepyb;0
openstack-infra/nodepool;0
openstack/cue;0
openstack/deb-python-manilaclient;0
openstack/deb-python-muranoclient;0
openstack/deb-python-neutronclient;0
openstack/deb-python-savannaclient;0
openstack/deb-tempest;0
openstack/deb-watcher;0
openstack/fuel-web;0
openstack/swift;0
openstack/tacker-horizon;0
opveclib/opveclib;3
pagekite/PyPagekite;2
pndurette/gTTS;22
rackerlabs/mimic;0
rackspace/pyrax;22
reviewboard/rbtools;1
sanger-pathogens/gff3toembl;5
scrapy/w3lib;11
wildone/pyaem;0
wkentaro/gdown;20
yougov/pmxbot;17
ARMmbed/yotta;89
AllenCellModeling/cookiecutter-pypackage;0
CloudVE/cloudbridge;15
CoreSecurity/pysap;17
LibertyAces/BitSwanPump;6
SFDO-Tooling/CumulusCI;233
SpockBotMC/SpockBot;3
Tribler/tribler;141
ValvePython/steam;0
aliyun/aliyun-openapi-python-sdk;0
ansible/awx;64
apache/libcloud;0
aws-quickstart/quickstart-git2s3;0
bargate-project/bargate;29
barneygale/quarry;11
cowrie/cowrie;19
dbcli/mycli;0
evennia/evennia;0
globaleaks/GlobaLeaks;0
hatching/sflock;0
home-assistant/hassio;435
jieter/python-lora;0
jpadilla/pyjwt;37
jvanovost/dc09_spt;0
leifj/pyXMLSecurity;0
liangqing/syncrypto;0
log2timeline/dfvfs;18
martinp/pysnap;0
mcrute/pydora;0
mendersoftware/integration;0
mitya57/secretstorage;0
mukulhase/WebWhatsAPI;4
n8henrie/pycookiecheat;0
nolze/ms-offcrypto-tool;0
nordnet/next-api-v2-examples;0
offu/WeRoBot;28
ojarva/python-sshpubkeys;7
openstack/cinder;0
openstack/pyghmi;0
openstack/refstack;0
openstack/refstack-client;0
paterva/maltego-trx;10
phaethon/kamene;19
plizonczyk/noiseprotocol;0
privacyidea/privacyidea;43
privacyidea/privacyideaadm;0
pycepa/pycepa;0
restran/fomalhaut;0
rev112/pyope;0
reviewboard/reviewboard;9
ronf/asyncssh;0
schlarpc/SeriousCast;0
secdev/scapy;13
spaam/svtplay-dl;0
tgalal/python-axolotl;0
thinkst/opencanary;6
trbs/bucky;0
trigger/trigger;0
twisted/ldaptor;2
twisted/twisted;32
uunicorn/python-validity;0
Abjad/abjad;29
PyMySQL/mysqlclient;13
Thermondo/pytest-translations;5
aibasel/pyperplan;6
diofant/diofant;8
edgedb/edgedb;26
eisensheng/pytest-catchlog;0
morepath/reg;0
pediapress/mwlib;0
pydoit/doit;0
pytest-dev/pytest;72
sqlobject/sqlobject;0
tarbell-project/tarbell;6
translate/translate;74
CroissanceCommune/autonomie;0
IdentityPython/pysaml2;51
NervanaSystems/neon;32
bivab/smbus-cffi;2
ceholden/yatsm;13
circuits/circuits;0
copier-org/copier;42
csirtgadgets/bearded-avenger;42
inducer/loopy;1
inducer/pycuda;8
inducer/sumpy;1
ionrock/cachecontrol;6
jasonlaska/skggm;6
mdp-toolkit/mdp-toolkit;0
mozillazg/pypy;0
pypyjs/pypy;0
pytest-dev/pytest-xdist;3
pyudev/pyudev;0
tiddlyweb/tiddlyweb;0
Chavithra/degiro-connector;11
Rapptz/discord.py;0
Rhinik/vkquick;26
atlasacademy/fgo-game-data-api;0
eversum/galacteek;58
hsahovic/poke-env;50
sumeshi/evtx2es;6
terraform-compliance/cli;179
venueless/venueless;0
ActiveState/appdirs;4
panoptes/POCS;9
ActivityWatch/aw-core;0
AlexHill/djpj;1
BjornFJohansson/pydna;16
Blosc/bloscpack;0
ClusterLabs/crmsh;18
DIYBookScanner/spreads;8
F5Networks/f5-ansible;0
FEniCS/fiat;0
Galvant/InstrumentKit;15
HERA-Team/pyuvdata;39
LuminosoInsight/ordered-set;0
Maistra/openshift-ansible;0
MartinThoma/hwrt;0
MasterOdin/pylint_runner;9
Microsoft/LMChallenge;1
Microsoft/jupyter-Kqlmagic;0
OSInside/kiwi;0
ReproNim/niceman;8
SALib/SALib;33
StingraySoftware/stingray;11
Thor77/TeamspeakStats;14
agronholm/sqlacodegen;2
ajdawson/eofs;6
ajdawson/windspharm;6
alkaline-ml/pmdarima;44
amueller/word_cloud;4
amzn/ion-python;17
apple/coremltools;39
astanin/python-tabulate;0
bashtage/arch;47
bbangert/beaker;9
behave/behave;2
biocore/scikit-bio;24
bodbdigr/restea;6
bodono/scs-python;5
brian-team/brian2;0
cdent/paste;6
cdown/srt;0
chainer/chainermn;7
chatcannon/galvani;0
cihologramas/pyoptools;7
codeinthehole/purl;0
daler/trackhub;0
datafolklabs/cement;0
dib-lab/khmer;14
diyan/pywinrm;10
django-oscar/django-oscar;8
dmsul/econtools;0
douban/CaoE;0
edibledinos/pwnypack;0
edickie/ciftify;22
edx/XBlock;0
ericgazoni/openpyxl;0
errbotio/errbot;2
fetzerch/fritzcollectd;0
frictionlessdata/datapackage-py;76
gcovr/gcovr;12
geopandas/geopandas;36
gpodder/podcastparser;0
grahame/sedge;0
grantjenks/pypatt_python_pattern_matching;0
grantjenks/python-sortedcontainers;1
histrio/py-couchdb;5
ianlini/flatten-dict;10
iotile/coretools;105
jamesturk/scrapelib;0
jmagnusson/Flask-Resize;0
jmvrbanac/Specter;0
juhasch/PhysicalQuantities;15
jupyter-server/jupyter_server;123
jupyter/nbconvert;52
jzuccollo/pyDEA;1
kotfu/tomcat-manager;14
lahwaacz/wiki-scripts;4
landlab/landlab;9
linkcheck/linkchecker;9
lmfit/lmfit-py;37
luispedro/mahotas;6
mahmoud/clastic;0
markokr/rarfile;5
matthew-brett/nb2plots;0
mchaput/whoosh;0
mikeorr/Unipath;0
mintchaos/typogrify;0
miracle2k/webassets;0
miso-belica/jusText;2
mjirik/lisa;0
morinokami/twitter-image-downloader;0
mutalyzer/mutalyzer;0
mwaskom/seaborn;37
nccgroup/ScoutSuite;35
networkx/networkx;56
nilearn/nilearn;11
nipy/nitime;2
nistats/nistats;0
oconnor663/duct.py;0
oemof/oemof-solph;37
openfisca/openfisca-core;0
openspending/babbage;0
openstack/deb-python-pymemcache;0
pierrepo/PBxplore;5
plangrid/pdf-annotate;1
plotly/plotly.py;85
ponty/EasyProcess;0
ponty/pyunpack;0
pvlib/pvlib-python;43
pydata/pandas-gbq;40
pymssql/pymssql;17
pypa/scripttest;0
python-visualization/folium;28
qtile/qtile;21
ralphbean/taskw;0
rasbt/mlxtend;29
ros2/rosidl;0
scikit-beam/scikit-beam;4
sckott/pygbif;11
sio2project/oioioi;1
statlab/permute;2
statsmodels/statsmodels;27
tqdm/tqdm;128
uber/vertica-python;69
uzh/gc3pie;0
witten/atticmatic;123
xflr6/bitsets;0
xflr6/concepts;0
xflr6/features;0
zzzsochi/trans;0
AdCombo/flask-combo-jsonapi;8
AnimeshShaw/MangaScrapper;2
MediaBrowser/MediaBrowser.Kodi;66
Netflix-Skunkworks/swag-client;1
NoxArt/SublimeText2-FTPSync;0
ORCID/python-orcid;1
candlepin/subscription-manager;0
couchbase/couchbase-cli;0
f3at/feat;0
fedora-infra/fedora-packages;0
foobnix/foobnix;3
gddc/python_webservices_library;0
getsentry/raven-python;10
gmr/consulate;5
jrnl-org/jrnl;47
karlproject/karl;22
kaustavdm/pyAvroPhonetic;0
matrix-org/synapse;527
matthiask/plata;0
mirnylab/cooler;44
mozilla/amo-validator;12
nicolaiarocci/eve;0
opendata-si/trola.si;0
openlabs/nereid-project;0
openstack/python-tripleoclient;0
openstate/open-raadsinformatie;0
ptahproject/ptah;0
pyecharts/pyecharts;5
strongbugman/ant_nest;2
tischlda/mopidy-oe1;0
tomclegg/get-evidence;0
umitproject/network-admin;0
vladcalin/gemstone;1
whamcloud/integrated-manager-for-lustre;35
wrkzcoin/TipBot;4
CAMBI-tech/BciPy;9
JonathanVusich/pcpartpicker;15
Netflix/consoleme;27
OctavianLee/Barrage;0
WhatsApp/WADebug;0
Youngestdev/buycoins-python;0
alykhantejani/nninit;0
delira-dev/delira;8
domenkozar/mr.bob;0
federicomenaquintero/lamaperia;0
jgrss/geowombat;57
johnshiver/algorithms;0
josiah-wolf-oberholtzer/supriya;38
libAtoms/matscipy;22
open-mmlab/mmcv;62
pekrau/CouchDB2;4
pior/caravan;0
plangrid/flask-rebar;9
ploigos/ploigos-step-runner;16
sodafoundation/delfin;33
the-xkcd-community/the-red-spider-project;0
thoughtworksarts/EmoPy;1
vsergeev/u-msgpack-python;13
zach401/acnportal;7
AfricasTalkingLtd/africastalking-python;1
gopaycommunity/gopay-python-api;4
AlexandreDecan/sismic;20
Anaconda-Platform/anaconda-client;52
BerkeleyAutomation/autolab_core;6
EducationalTestingService/skll;71
FOSSEE/online_test;26
FederatedAI/FATE;51
Felienne/hedy;12
Fuyukai/OWAPI;0
HPInc/ml-git;8
KevCui/mitm-scripts;0
MatthewCox/PyMoronBot;0
NLeSC/scriptcwl;13
NVIDIA/NeMo;49
Parsely/serpextract;2
Parsely/streamparse;46
Prototype-X/Zabbix-Network-Weathermap;6
Quansight/qhub;108
RRZE-HPC/kerncraft;1
RasaHQ/rasa;253
SubstraFoundation/distributed-learning-contributivity;5
afourmy/e-napalm;60
andreoliwa/nitpick;53
asphalt-framework/asphalt;0
asphalt-framework/asphalt-serialization;0
center-for-threat-informed-defense/adversary_emulation_library;5
coala/coala-bears;14
common-workflow-language/python-cwlgen;8
conda-incubator/grayskull;71
cookiecutter/cookiecutter;29
danijar/mindpark;1
demisto/demisto-sdk;210
exosite/exoline;6
fkie/multimaster_fkie;0
getpopper/popper;20
gschivley/PowerGenome;18
gvalkov/jenkins-autojobs;0
home-assistant-ecosystem/home-assistant-cli;19
homebysix/pre-commit-macadmin;39
jupyterhub/binderhub;1
jwplayer/buildpipe-buildkite-plugin;12
lykius/hesiod;9
materialsproject/custodian;30
materialsproject/pymatgen;287
materialsvirtuallab/mlearn;0
melvinkcx/private-file-saver;3
oohlaf/dotsecrets;0
opendatacube/odc-tools;0
openshift/openshift-tools;0
openstack/governance;0
openstack/releases;0
pr-omethe-us/PyKED;12
pre-commit/pre-commit-hooks;34
rabobank-cdc/DeTTACT;24
randsleadershipslack/destalinator;0
saturncloud/prefect-saturn;14
scheibler/khard;0
solus-project/ypkg;15
tjhowse/modbus4mqtt;14
tue-mps/panoptic_parts;0
voila-dashboards/tljh-voila-gallery;0
xoxys/ansible-doctor;78
Akuli/porcupine;39
BlueBrain/NeuroM;64
BlueFisher/Advanced-Soft-Actor-Critic;0
C0D3D3V/Moodle-Downloader-2;68
CLIMADA-project/climada_python;36
CRutkowski/Kijiji-Scraper;0
ComplianceAsCode/auditree-framework;50
Donders-Institute/bidscoin;40
H-uru/korman;21
HyperLink-Technology/brownie;129
ICTU/quality-report;1
JohnDoenut/biopeaks;12
JonnyHaystack/i3-resurrect;15
Kandeel4411/RedditWallpaperBot;3
Kanjirito/simple-manga-downloader;32
Kozea/tinycss2;15
Kuifje02/vrpy;6
LCA-ActivityBrowser/activity-browser;37
LooseLab/bulkvis;2
MouseLand/suite2p;14
PyCQA/pylint;93
RuedigerVoigt/exoskeleton;27
StochSS/GillesPy2;39
The-Compiler/qutebrowser;90
TkTech/flask-themer;1
aRI0U/RandLA-Net-pytorch;0
aaugustin/websockets;40
ajslater/picopt;3
ali1234/vhs-teletext;3
alphatwirl/atpbar;29
ashnair1/COCO-Assistant;7
bigfang/horn-py;0
bitcraft/pyscroll;2
bonjorno7/SourceOps;29
bpython/bpython;18
brainix/pottery;51
clauswilke/PeptideBuilder;4
cortex-lab/phy;0
davidhalter/jedi;0
decisionforce/pgdrive;3
discord-python/bot;0
dizcza/hashcat-wpa-server;0
drivendata/cookiecutter-data-science;2
earthobservations/wetterdienst;129
encode/uvicorn;54
equinor/ecl2df;40
ethereum/viper;48
exercism/python;0
fgnt/sms_wsj;0
freqtrade/freqtrade;87
funkybob/stencil;0
gbouvignies/chemex;21
gil9red/SimplePyScripts;1
gretelai/gretel-synthetics;61
homeworkprod/gallerize;1
ianepreston/stats_can;0
idealo/imageatm;0
ipython/ipython;29
irmen/Tale;29
jina-ai/jina;294
kylebarron/medicare_utils;0
mabau/pystencils;0
mathieui/poezio;0
miurahr/py7zr;123
mopidy/mopidy-local;8
novafloss/workalendar;91
nschloe/meshio;81
nschloe/quadpy;0
openmc-dev/data;0
packit-service/packit;133
pomo-mondreganto/ForcAD;16
ppinard/matplotlib-scalebar;0
professor-l/classic-tetris-project;0
project-alice-assistant/ProjectAlice;10
pybites/blog_code;0
pyre/pyre;21
quintusdias/glymur;0
rasjani/robotframework-seleniumtestability;0
rlaPHOENiX/pvsfunc;20
scidash/sciunit;9
scikit-hep/pyhf;39
shyamd/mkdocs-bibtex;53
simonarvin/eyeloop;1
snipsco/snips-nlu;58
spraakbanken/sparv-pipeline;8
ssato/python-anyconfig;0
tophat/syrupy;107
user-cont/release-bot;21
ustunb/risk-slim;0
videomorph-dev/videomorph;4
yasoob/youtube-dl-GUI;6
yyyyyyyan/rockstar-py;2
zeromq/pyzmq;18
Antonioya/blender;0
Microsoft/ptvsd;51
gem/oq-engine;68
joerick/pyinstrument;7
m0mchil/poclbm;0
shotgunsoftware/tk-config-default;0
shotgunsoftware/tk-core;1
tingbot/tingbot-python;0
tornadoweb/tornado;0
AlexAplin/nndownload;21
Hannessa/python-sc2-ladderbot;0
PythonistaGuild/Wavelink;73
Terbau/fortnitepy;19
csko/gdax-python-api;1
kijk2869/discodo;54
miguelgrinberg/python-engineio;131
timkpaine/tributary;14
AlfredoSequeida/fvid;3
DRMacIver/hypothesis;671
DataViva/dataviva-api;0
FlymeOS/repo;0
Greymerk/python-rpg;0
OpenPrinting/system-config-printer;10
PyThaiNLP/pythainlp;117
RabadanLab/arcasHLA;8
THUDM/KBRD;0
VIDA-NYU/datamart;0
Y4hL/PyDoor;2
Yubico/python-pyhsm;0
ZhuangLab/storm-control;1
aiven/karapace;59
choderalab/perses;22
cmcpasserby/pbUDK;0
deeplook/svglib;0
dgorissen/pycel;0
dinever/antispam;0
doda/imagy;0
douglasrizzo/catsim;9
eLvErDe/nicotine-plus;51
eallik/spinoff;1
enjoy-digital/litedram;0
flika-org/flika;0
fossasia/pslab;14
frescobaldi/frescobaldi;20
gpilab/framework;19
h5py/h5py;36
hatbot-team/hatbot;0
ilastik/volumina;0
jamesoff/simplemonitor;11
jazzband/django-formtools;0
jjgomera/pychemqt;0
korcankaraokcu/PINCE;5
lschmelzeisen/nasty;0
maximumstock/poe-currency-flip-planner;18
nedbat/coveragepy;138
pallets/secure-cookie;2
pingali/pyAadhaarAuth;0
raiden-network/microraiden;2
regit/coccigrep;4
sephii/taxi;7
sharkwouter/minigalaxy;16
theSage21/pytongue;0
toolforge/video2commons;0
victorlin/gluttony;0
yaph/geonamescache;7
C4ptainCrunch/ics.py;9
arizvisa/ida-minsc;0
arizvisa/syringe;0
Alignak-monitoring/alignak;4
cmchap/github-starred-to-pinboard;0
BennyThink/ExpressBot;0
IBM/MAX-Image-Caption-Generator;5
benbusby/whoogle-search;29
brtmr/podfox;0
chryswoods/acquire;0
darthbear/scrapy-proxynova;0
evewspace/eve-wspace;0
koji-project/koji;0
lanjelot/web-hunter;0
michelmansour/fb-power-rankings;0
osuosl/ganeti_webmgr;7
python-bugzilla/python-bugzilla;6
sentinelsat/sentinelsat;13
tasmota/decode-config;36
the-useless-one/hide_my_python;0
upstox/upstox-python;11
ApacheInfra/superset;205
lucyparsons/OpenOversight;29
CouchPotato/CouchPotatoServer;15
Externoak/A32NX-installer;10
RDFLib/rdflib;13
add-ons/plugin.video.vrt.nu;69
arthurazs/dotapatch;16
balloob/pychromecast;98
brianzq/att-bill-splitter;2
dnanexus/dx-toolkit;0
econpy/google-ngrams;0
eleweek/histsync;0
emilsvennesson/script.module.inputstreamhelper;33
ffalcinelli/pydivert;0
getsentry/freight-cli;0
hhursev/recipe-scraper;147
jrkerns/pylinac;18
lalitpagaria/obsei;14
logr4y/tgscrape;0
molly/GorillaBot;0
mozilla/code-coverage;50
mpvqc/mpvQC;8
obspy/obspy;24
piqueserver/piqueserver;11
rcanderson23/ansible_mod-phpIPAM;0
sendgrid/sendgrid-python;107
soimort/you-get;122
sony/nnabla-examples;48
timlau/FedoraReview;0
twu/skjold;18
wiremas/spore;0
JoshData/django-registration-pv;0
LeastAuthority/magic-folder;1
Yelp/mrjob;0
achillean/shodan-python;27
agiliq/merchant;4
alswl/tingdownload;0
antonycourtney/csvview;0
aquavitae/rst2pdf-py3-dev;0
bespoken/bstpy;0
bugsnag/bugsnag-python;36
caxap/python-boxview;0
chadmv/blueprint;0
dersphere/plugin.audio.radio_de;0
dersphere/plugin.video.nasa;0
disqus/python-phabricator;3
djc/awmy;0
editorsnotes/editorsnotes-server;10
elastic/apm-agent-python;100
epsagon/epsagon-python;307
ewels/MultiQC;41
fedora-infra/fedmsg;13
galaxyproject/pulsar;7
google/transitfeed;30
grnet/ganetimgr;3
hay/xml2json;0
hipchat/curler;0
hydroshare/hydroshare;192
jespino/django-lot;0
julian-amaya/django-decorators;0
learningequality/ka-lite;25
liqd/adhocracy;0
metajack/notify-webhook;0
metomi/rose;78
mozilla/app-validator;0
mozilla/balrog;125
newfies-dialer/newfies-dialer;1
numenta/nupic;47
openstack/deb-python-os-cloud-config;0
openstack/deb-python-pecan;0
oracle/solaris-ips;0
pguridi/pywars;0
rackerlabs/otter;0
regardscitoyens/the-law-factory-parser;1
shaanen/osint-combiner;0
superfeedr/feediscovery;0
sympy/sympy-live;8
tableau/TabPy;21
tahoe-lafs/tahoe-lafs;1
tapasweni-pathak/Scripts;0
thombashi/tcconfig;82
tualatrix/ubuntu-tweak;0
unt-libraries/django-premis-event-service;6
warner/python-spake2;0
wikimedia/pywikibot;0
xchewtoyx/calibre-comicvine;0
xenserver/xscontainer;0
zyga/json-schema-validator;0
dask/dask-gateway;0
tdryer/hangups;0
ezeep/pseud;3
hangoutsbot/hangoutsbot;37
hyperledger/sawtooth-next-directory;0
AppThreat/vulnerability-db;119
piccolo-orm/piccolo;159
plone/guillotina;0
ArduPilot/MAVProxy;12
ganeti/ganeti;7
idlesign/deluge-updatorr;0
xlcnd/isbntools;2
yvandermeer/django-http-proxy;0
AresValley/Artemis;6
Tautulli/Tautulli;224
TracyWebTech/django-revproxy;21
affjljoo3581/canrevan;23
aws-samples/aws-cloudfront-samples;0
cloudinary/pycloudinary;46
edmorley/newrelic-python-agent;68
fossology/atarashi;2
intuit/foremast-brain;0
labteral/bluebird;0
mdmintz/SeleniumBase;950
nasa/apod-api;9
prusa3d/PrusaControl;1
technige/py2neo;0
transifex/transifex-client;22
xiaocong/uiautomator;1
AtakamaLLC/cloudsync;0
Source-Python-Dev-Team/Source.Python;0
libstorage/libstoragemgmt;40
BelgianBiodiversityPlatform/python-dwca-reader;0
CloudBotIRC/CloudBot;11
DanMcInerney/device-pharmer;0
DaveMDS/epymc;8
Diaoul/subliminal;14
Edraak/edx-platform;71
Fantomas42/django-blog-zinnia;0
Fantomas42/django-sekh;0
IFGHou/wapiti;0
LS80/script.openelec.devupdate;0
MarioVilas/google;3
OddBloke/sphinx-git;6
ProgVal/Supybot-plugins;0
Psycojoker/hackeragenda;0
SatelliteQE/automation-tools;0
aag/apple_trailer_downloader;6
anthonydb/CDC-flu-scraper;0
apache/allura;0
armbues/ioc_parser;0
arthur-debert/google-code-issues-migrator;0
bleachbit/bleachbit-misc;0
bogdal/sentry-youtrack;4
cms-dev/cms;12
davidalber/Geneagrapher;1
duckduckgo/zeroclickinfo-fathead;6
edgauthier/pfsense-backup;0
ewa/python-webcrawler;0
fabiocaccamo/django-freeze;7
fusionbox/django-widgy;1
globaleaks/Tor2web;0
grapeot/ZhihuSocialNetwork;0
guardianproject/keysync;0
jforman/binder;0
jkeesh/scpd-scraper;0
lakewik/EasyStorj;17
lazka/pgi-docgen;0
lehrblogger/OkCupid-Message-Downloader;0
lorien/grab;5
mback2k/django-webgcal;0
pculture/mirocommunity;0
rupa/epub;0
solsticedhiver/arteVIDEOS;0
steeve/xbmctorrent;15
stephenmcd/mezzanine;9
studentenportal/web;2
the-virtual-brain/tvb-framework;5
thomasf/exitwp;0
thu-pacman/gscholar-citations-crawler;0
tobiasmcnulty/amzscraper;0
vicalloy/LBForum;0
Axelrod-Python/Axelrod;94
Hiroshiba/pytorch-trainer;8
IntelPNI/brainiak;0
markovmodel/msmtools;3
mozilla/OpenWPM;35
Iapetus-11/to-ascii;0
aertslab/pySCENIC;47
schlegelp/navis;26
tensorflow/quantum;10
apachecn/python_data_analysis_and_mining_action;0
python-beaver/python-beaver;13
tutorgen/hpit_services;0
BigBrotherBot/big-brother-bot;13
Demonware/bladerunner;0
HaDiNet/ldapom;0
Hugovdberg/PIconnect;17
Jahaja/psdash;10
Kozea/Multicorn;3
PythonCharmers/python-future;7
SatelliteQE/robottelo;63
StingraySoftware/HENDRICS;8
SylvainDe/DidYouMean-Python;0
TBits/KolabScripts;0
Toblerity/Shapely;21
analogue/mythbox;0
autotest/autotest-docker;9
beaker-project/beaker;14
befelix/Safe-RL-Benchmark;0
bengland2/smallfile;0
carlosescri/DottedDict;6
casacore/python-casacore;19
celery/celery;50
chrivers/pyjaco;0
cleder/fastkml;0
codecov/codecov-python;6
dbrgn/fahrplan;0
denisenkom/pytds;0
dimagi/jsonobject;7
disqus/gutter;0
disqus/gutter-django;0
django-haystack/django-haystack;15
dreid/yunomi;0
dw/mitogen;7
elastic/elasticsearch-py;79
elbaschid/python-colourlovers;0
enthought/chaco;10
enthought/codetools;2
epsy/sigtools;7
eve-val/evelink;10
ewino/qreader;0
flakas/Latte;1
galaxyproject/bioblend;15
gengo/decanter;0
google/apitools;10
google/google-api-python-client;200
google/oauth2client;18
goshippo/shippo-python-client;7
haypo/perf;11
hrbonz/django-flexisettings;0
hydralabs/pyamf;4
iconfinder/pyvat;17
inonit/drf-haystack;0
jaap-karssenberg/zim-desktop-wiki;0
jamesls/fakeredis;0
jochasinga/pluto;0
joonty/vdebug;2
jorisroovers/gitlint;30
keenlabs/KeenClient-Python;0
keybase/python-triplesec;0
klmitch/turnstile;0
lmacken/pyrasite;0
marcelnicolay/torneira;0
marrrvin/tarantism;0
matejc/tarman;0
mathcamp/dql;1
mathics/Mathics;15
miurahr/unihandecode;2
mozilla-services/mozservices;0
nikdoof/python-ts3;0
noumar/iso639;0
oleiade/Elevator;0
ondergetekende/livescrape;0
opennode/nodeconductor;0
openstack/deb-neutron;0
openstack/deb-python-barbicanclient;0
openstack/deb-python-novaclient;0
openstack/group-based-policy;0
openstack/sqlalchemy-migrate;0
operasoftware/django-feeds;0
opinkerfi/okconfig;4
pajbot/pajbot;33
plone/Products.TinyMCE;0
plone/plone.api;0
pulp/pulp_docker;6
pydata/xarray;94
pyinstaller/pyinstaller;67
pynag/pynag;3
qubole/qds-sdk-py;60
rcbops/opencenter;0
redhat-performance/tuned;33
robotools/fontParts;46
rollbar/pyrollbar;43
rossengeorgiev/aprs-python;0
scalyr/scalyr-agent-2;108
scikit-learn-contrib/categorical-encoding;16
sciunto-org/python-bibtexparser;9
simphony/osp-core;23
slacy/minimongo;0
slimta/python-slimta;14
sontek/pyramid_webassets;3
sookasa/box.py;8
sparklingpandas/sparklingpandas;0
splunk/splunk-sdk-python;23
stripe/stripe-python;291
sublee/korean;0
sunscrapers/djoser;23
swiftype/swiftype-py;1
sybrenstuvel/python-rsa;0
testing-cabal/mock;0
tjguk/winsys;0
tweepy/tweepy;31
uw-it-aca/myuw;297
yaybu/yay;0
yaybu/yaybu;7
zagaran/mongolia;2
zmwangx/storyboard;9
Azure/aztk;15
CasperGN/ActiveDirectoryEnumeration;2
CoreSecurity/impacket;13
DimensionDataCBUSydney/plumbery;0
FalkAlexander/PasswordSafe;2
GetStream/stream-python;13
IdentityPython/SATOSA;49
IdentityPython/pyjwkest;16
Keeper-Security/Commander;156
LaunchKey/launchkey-python;18
LedgerHQ/blue-loader-python;6
OpenIDC/pyoidc;32
SUSE/sesdev;0
asn-d6/onionbalance;0
ct-Open-Source/tuya-convert;9
danifus/pyzipper;0
darknessomi/musicbox;12
doublereedkurt/pyjks;0
edx/edx-proctoring;264
edx/xblock-lti-consumer;104
etingof/pysnmp;20
flobz/psa_car_controller;20
freedomofpress/securedrop;49
hclivess/Bismuth;2
inquisb/keimpx;6
jaraco/keyrings.alt;12
koldinger/Tardis;40
lanjelot/patator;0
limkokhole/duboku-downloader;0
malwaredllc/byob;0
mikelolasagasti/revelation;7
mpgn/Padding-oracle-attack;0
namuyan/nem-python;0
namuyan/p2p-python;0
nlscc/samloader;0
nmantani/FileInsight-plugins;29
nuxeo/nuxeo-drive;85
obsidianforensics/hindsight;11
pyload/pyload;17
raymontag/kppy;2
rgerganov/py-air-control;0
rohe/oidctest;3
secureyourself7/python-keylogger;1
simon-weber/gpsoauth;0
snowflakedb/snowflake-connector-python;106
streetster/zte-config-utility;0
thumbor/thumbor;130
tintinweb/scapy-ssl_tls;11
tribe29/checkMK;0
windsurfer1122/PSN_get_pkg_info;1
xcat2/confluent;1
Azure/azure-sdk-for-python;3604
felix-hilden/tekore;47
Azure/sonic-mgmt;0
CognitionGuidedSurgery/msml;0
EiSiMo/Backdoor;0
Masutangu/Elric;0
ZackFreedman/Somatic;0
bitcalm/client;0
blmarket/CoCParser;0
dexy/dexy;0
dsnam/markovscope;0
kxepal/replipy;0
lukassnoek/skbold;1
microy/StereoVision;4
praekelt/django-ultracache;0
wikimedia/analytics-quarry-web;0
willforde/script.module.codequick;13
BD2KGenomics/toil;53
cherrypy/cherrypy;0
openstack/congress;0
benckx/DCGAN-for-psychonauts;0
facebookresearch/Detectron;0
georgewhewell/django-sheets;0
jkinred/psphere;0
openstack/cloudbase-init;7
openstack/deb-nova;0
openstack/python-fuelclient;0
BLCM/bl3mods;0
SIlver--/remindmebot-reddit;0
wierton/dict;0
BMIRDS/deepslide;0
ClementPinard/FlowNetPytorch;0
CroatianMeteorNetwork/RMS;2
PaddlePaddle/PaddleSlim;9
PyLops/pylops;29
aleju/ImageAugmenter;3
altosaar/variational-autoencoder;1
alyssaq/hough_transform;0
drscotthawley/panotti;1
guicho271828/latplan;2
hyperspy/hyperspy;42
invesalius/invesalius3;19
martinResearch/DEODR;2
openai/pixel-cnn;0
rochefort-lab/fissa;10
solivr/tf-crnn;0
zhangqianhui/Eye_Correction_GAN;0
Bala93/Context-aware-segmentation;0
HewlettPackard/dlcookbook-dlbs;0
carpedm20/text-based-game-rl-tensorflow;0
doubledherin/Audio_Snowflake;0
ghorn/rawesome;0
jbornschein/reweighted-ws;0
jmcarp/betfair.py;0
numberoverzero/bloop;2
pprp/reid_for_deepsort;0
rbw/aiosnow;16
theobdt/aerial_pc_classification;0
tuzhucheng/MP-CNN-Variants;2
Battleman/zoomdl;23
jjjake/internetarchive;47
pypa/twine;12
stanfordnlp/stanfordnlp;0
BerkeleyAutomation/perception;3
Jhsmit/ColiCoords;7
JohnKendrick/PDielec;27
czheo/syntax_sugar_python;16
huggingface/nlp;89
vinci1it2000/schedula;0
hsoft/dupeguru;8
Boltgolt/howdy;11
IQAndreas/github-issues-import;0
JrGoodle/clowder;40
RhinoRhys/radarr-collections;0
TopBakuhatsu/hitagibot;0
lggruspe/slipbox;0
skyzh/canvas_grab;36
Braedon/prometheus-es-exporter;26
DataBrewery/cubes;0
DataDog/apigentools;9
DataDog/riot;32
Digital-Preservation-Finland/dpres-siptools;0
Flameeyes/usbmon-tools;0
GreyNoise-Intelligence/pygreynoise;15
MagnetoTesting/magneto;0
OCA/maintainer-tools;0
Stratoscale/skipper;47
Stupeflix/freeze-requirements;0
SwapnilSoni1999/learningcrux-dl;0
Yubico/yubioath-desktop;42
achalddave/segment-any-moving;0
adithyabsk/keep2roam;2
alichtman/stronghold;4
amesar/mlflow-tools;0
ansible-community/molecule;74
benmezger/gjira;1
clearmatics/ion;2
cosminbasca/cleanmymac;0
dropbox/pynsot;0
evyatarmeged/github-trending;0
fedora-python/pyp2rpm;12
fitnr/svgis;11
getpatchwork/git-pw;28
globus/globus-cli;59
godaddy/tartufo;44
googlesamples/assistant-sdk-python;12
hnicke/sodalite;81
indico/indico;61
inveniosoftware/requirements-builder;2
kelvins/steganography;0
kemayo/leech;0
klensy/wt-tools;14
kxr/o-must-gather;11
lqez/hog;0
luigigubello/My-Twitter-World;0
mirnylab/pairsamtools;0
networktocode/network-importer;17
nvie/python-fu;0
qurator-spk/sbb_textline_detection;0
sage-org/sage-engine;3
sonatype-nexus-community/jake;31
tony/vcspull;38
trhallam/segysak;26
vals/umis;17
Brobin/drf-generators;17
bram2w/baserow;0
jessamynsmith/eggtimer-server;1
rockstor/rockstor-core;109
jazzband/django-constance;5
mlavin/django-ad-code;0
rapidsms/rapidsms;4
Budabot/Tyrbot;0
Miserlou/Zappa;6
mobiusklein/glypy;4
q-optimize/c3;4
byrnereese/uphold-sdk-python;0
liip/ckanext-ddi;1
mixpanel/mixpanel-python;12
dagster-io/dagster;321
CBIIT/nci-webtools-dceg-linkage;46
kkrypt0nn/Python-Discord-Bot-Template;36
mcardillo55/cbpro-trader;0
slice/queuebot;0
TehMillhouse/PyMarkovChain;0
grote/osm2gtfs;0
migurski/Skeletron;0
CRANE-toolbox/analysis-pipelines;0
leeping/forcebalance;21
zferentz/maproxy;0
CTPUG/pygame_cffi;5
NicholasMamo/multiplex-plot;9
emory-libraries/eulfedora;0
idiap/bob;1
mdn/kuma;0
mongodb/mongo-python-driver;37
nginyc/rafiki;4
thenetcircle/dino;19
CarterBain/AlephNull;0
FactoryBoy/django-factory_boy;0
GoogleCloudPlatform/gcloud-python;2695
OCA/connector;10
RaRe-Technologies/gensim;43
XLSForm/pyxform;44
asciimoo/searx;15
botify-labs/python-simple-workflow;12
collective/collective.documentgenerator;0
collective/collective.polls;0
collective/collective.taxonomy;0
cournape/Bento;0
dstore-dbap/LumberMill;2
eoyilmaz/anima;0
gorakhargosh/watchdog;37
j2labs/dictshield;0
kapouille/mongoquery;3
kura/blackhole;15
mattheww/gomill;0
mgedmin/zodbbrowser;0
multani/sonata;1
numenta/NAB;2
openstack/cloudcafe;0
openstack/cloudroast;0
pedrospdc/kde-leapmotion-control;0
plone/plone.app.dexterity;0
plone/plone.app.multilingual;0
projectcalico/felix;246
pytroll/pyresample;34
seandst/cfn-pyplates;20
seznam/pyoo;0
sivy/pystatsd;1
smarkets/smk_python_sdk;13
testing-cabal/testtools;5
torchbox/Willow;28
toscawidgets/tw2.core;2
wearpants/twiggy;1
wxWidgets/Phoenix;4
yola/property-caching;1
CartoDB/carto-python;11
Semantics3/semantics3-python;0
alexis-mignon/python-flickr-api;8
flashingpumpkin/django-socialregistration;0
joestump/python-oauth2;0
omab/django-social-auth;0
project-fondue/python-yql;0
ryanmcgrath/twython;5
CastXML/pygccxml;32
JBKahn/flake8-print;13
PyCQA/flake8-bugbear;51
PyCQA/flake8-docstrings;0
PyCQA/flake8-import-order;0
PyCQA/prospector;53
ar4s/flake8_tuple;0
caleb531/youversion-suggest;87
cyberbotics/urdf2webots;23
echronos/echronos;37
harrystech/arthur-redshift-etl;82
hhatto/autopep8;29
klen/pylama;0
nathan-v/aws_okta_keyman;24
schlamar/flake8-todo;0
seatgeek/fuzzywuzzy;23
theochem/horton;10
CatEars/goto;1
apache/incubator-tvm;18
craffel/mir_eval;7
aiven/pghoard;4
amplifylitco/asiaq;0
ansible-collections/community.aws;48
eucalyptus/eucaconsole;0
scrapy/scrapy;38
ConorWilliams/rsinc;0
DSM-DMS/DMS-Backend;0
DefaltSimon/Nano;3
ELVIS-Project/elvis-database;3
Eyepea/API-Hour;0
GoekeLab/xpore;9
Impactstory/total-impact-webapp;0
Kinto/kinto;168
PaloAltoNetworks/minemeld-core;0
SaidBySolo/neispy;8
VOLTTRON/volttron;34
Voxel-Fox-Ltd/MarriageBot;0
Yelp/paasta;259
armet/python-armet;0
balanced/billy;0
davebshow/aiogremlin;0
deepmind/kapitan;117
eknoes/covid-bot;0
globocom/pluct;0
guilhermelawless/nano-dpow;1
ilius/starcal;26
j2labs/brubeck;0
jgelens/gevent-websocket;0
mikedewar/d3py;0
miku/siskin;5
openplans/shareabouts-api;1
palantir/python-jsonrpc-server;13
palantir/python-language-server;80
pfalcon/picoweb;0
snarfed/bridgy;0
snarfed/bridgy-fed;0
snarfed/granary;31
snarfed/oauth-dropins;25
snarfed/webutil;0
sr-gi/bitcoin_tools;3
stanfordnlp/cocoa;1
tilezen/tileserver;14
tlstyer/acquire;0
toybox-rs/Toybox;1
wikilinks/nel;0
yanchunhuo/AutomationTest;4
zhongbiaodev/py-mysql-elasticsearch-sync;6
bcbio/bcbio-nextgen;14
datasets/country-codes;0
lord63/v2ex_daily_mission;0
morganbengtsson/microreader;0
raptor2101/Mediathek;0
JohannesBuchner/BXA;8
LinkedEarth/Pyleoclim_util;28
NCI-GDC/gdc-client;13
Ozencb/yts-scraper;0
PLOS/allofplos;6
PyPSA/atlite;13
RivuletStudio/rivuletpy;1
SainsburyWellcomeCentre/Pyper;0
classner/barrista;0
conda-forge/staged-recipes;0
fgnt/padertorch;0
hgascon/adagio;0
mordred-descriptor/mordred;16
redkyn/assigner;12
regeirk/pycwt;1
sekiguchi92/SoundSourceSeparation;3
twosixlabs/acsploit;0
uf-mil/Navigator;0
wkentaro/fcn;0
ChristianTremblay/pyhaystack;8
open-pay/openpay-python;0
wazuh/wazuh-splunk;214
CiscoCXSecurity/bbqsql;0
RocketMap/RocketMap;4
pennersr/pulsus;0
smetj/wishbone;6
CounterpartyXCP/counterblock;9
komoot/staticmap;0
CiscoSystems/quantum;0
ClusterHQ/flocker;0
cdent/gabbi;3
cloudify-cosmo/cloudify-plugins-common;0
mikhaildubov/AST-text-analysis;0
openstack-dev/cookiecutter;0
openstack-infra/jenkins-job-builder;0
openstack/almanach;0
openstack/bandit;0
openstack/deb-manila;0
openstack/deb-python-mox3;0
openstack/deb-python-oslo.log;0
openstack/deb-python-oslo.policy;0
openstack/deb-python-oslo.rootwrap;0
openstack/deb-python-oslo.serialization;0
openstack/deb-python-oslo.service;0
openstack/deb-python-oslo.utils;0
openstack/deb-python-swiftclient;0
openstack/distil;0
openstack/oslo.context;0
openstack/oslo.messaging;0
openstack/vmware-nsx;0
powervm/pypowervm;0
softlayer/softlayer-python;63
openstack/deb-mistral;0
openstack/deb-murano-dashboard;0
openstack/deb-python-taskflow;0
openstack/tempest-lib;0
CleanCut/green;50
ankitects/anki;57
ipython/traitlets;23
miketeo/pysmb;32
ninuxorg/netdiff;24
yasn77/whitepy;0
ClimbsRocks/auto_ml;12
ContextLab/hypertools;21
OpenTrons/opentrons-api;168
SpamExperts/OrangeAssassin;2
Thessia/Liara;0
allenai/deep_qa;0
ambrosejcarr/seqc;3
creme-ml/chantilly;0
deepmipt/NLPCourseBot;0
geophile/marcel;40
hsharrison/experimentator;2
jajcayn/pygpso;10
park-project/park;0
rhayes777/PyAutoFit;15
saezlab/pypath;27
sixty-north/multiprocessing_on_dill;0
voxel51/eta;32
azavea/keras-semantic-segmentation;22
debrouwere/google-analytics;0
gammapy/gammapy;5
gogoair/lavatory;0
quantumblacklabs/kedro;53
replit/replit-py;13
TankerHQ/tbump;36
TankerHQ/tsrc;44
pickleshare/pickleshare;0
rafalp/Misago;70
ramusus/django-facebook-api;0
DataBiosphere/dsub;43
DataDog/integrations-core;27
IntelAI/inference-model-manager;3
glasslion/aliyun-machine-learning-for-dummies;0
openstack/deb-designate;0
openstack/deb-python-tooz;0
openstack/gnocchi;0
openstack/networking-ovn;0
TeamHG-Memex/agnostic;0
mindsdb/mindsdb_native;0
ClusterLabs/pcs;2
RIPE-NCC/ripe.atlas.sagan;12
eriktews/certificate-transparency-tools;1
hynek/pem;1
moepman/acertmgr;11
moses-palmer/truepy;0
mswart/acme-mgmtserver;4
openstack/neutron-lbaas;0
openstack/octavia;0
pallets/werkzeug;43
ContinuumIO/intake;0
capitalone/cloud-custodian;73
chanzuckerberg/miniwdl;73
projectsyn/commodore;79
quiltdata/quilt-compiler;52
smlbiobot/SML-Cogs;2
spdx/tools-python;15
Prooffreader/pytabby;1
andrewekhalel/edafa;0
mlspec/mlspec-lib;5
StartTheShift/thunderdome;0
datreant/datreant.core;6
mayan-edms/mayan-edms;0
nitsaick/kits19-challenge;0
pinecone-wifi/pinecone;0
pypeclub/pype;113
yaaminu/finicky;0
OCA/hr;0
UNINETT/nav;58
dabodev/dabo;0
sde1000/quicktill;0
tryton/trytond;0
untangle/ngfw_pkgs;0
FeeiCN/cobra;28
akretion/openerp-addons;0
pinterest/snappass;8
CyFeng16/MVIMP;0
brett-daley/dqn-lambda;0
maqifrnswa/PCSI;3
DDMAL/Rodan;23
evernote/zing;37
NERSC/pytokio;11
bcgsc/mavis;49
brigade-automation/brigade;26
etal/cnvkit;42
jazzband/collectfast;25
miurahr/aqtinstall;115
mozilla/dxr;0
usnistgov/ActEV_Scorer;17
Yubico/python-u2flib-host;6
andreafrancia/trash-cli;0
csaez/quicklauncher;6
danielrichman/strict-rfc3339;0
davidfischer-ch/pytoolbox;0
drmikehenry/findx;1
enthought/apptools;6
enthought/scimath;2
fedora-infra/the-new-hotness;26
hakyimlab/ukbrest;1
joblib/joblib;5
johnpaulett/python-hl7;0
mbuesch/awlsim;2
pyblosxom/pyblosxom;0
Dank-del/EnterpriseALRobot;0
OakwoodAI/automagica;0
adbar/trafilatura;37
arsenlosenko/python-ripple-lib;0
crate/crate-python;19
cubewise-code/TM1py;30
franklai/lyric-get;2
getsentry/snuba;81
jlafon/PynamoDB;64
jonrau1/ElectricEye;0
launchdarkly/python-client;105
maweina/ambari-elk-service;1
newrelic/newrelic-telemetry-sdk-python;14
openeventstack/pretalx;31
pyelasticsearch/pyelasticsearch;0
stratosphereips/StratosphereLinuxIPS;22
wtolson/gnsq;6
zalando/patroni;61
DataDog/datadog-serverless-functions;117
aws-cloudformation/custom-resource-helper;0
snowflakedb/snowflake-ingest-python;9
Kami/python-yubico-client;0
Kitware/minerva;0
MindscapeHQ/raygun4py;27
PyGithub/PyGithub;45
customerio/customerio-python;1
czpython/python-amazon-mws;0
dashpay/electrum-dash;0
dpla/ingestion;25
gmr/hockeyapp;0
google/openhtf;14
haiwen/seafdav;233
mbarbon/wapiti;0
metaodi/osmapi;38
mwclient/mwclient;18
pulp/pulp;2
NZRS/wavetrace;3
OpenShot/openshot-qt;24
biothings/mygene.py;0
bkjones/pyrabbit;0
cbetz/untappd-python;0
ceph/ceph-qa-suite;0
cpfair/tapiriik;0
googleapis/python-bigquery;109
googleapis/python-datastore;56
googleapis/python-logging;54
googleapis/python-pubsub;116
googleapis/python-storage;54
hasgeek/flask-lastuser;0
j91321/rext;1
jarodl/flask-github;0
jasonkeene/python-ubersmith;0
jgorset/facepy;0
libravatar/libravatar;0
loggly/hoover;0
onaio/onadata;218
openstack/deb-os-collect-config;0
openstack/deb-python-hplefthandclient;0
openstack/networking-cisco;0
palewire/palewi.re;0
paypal/PayPal-Python-SDK;29
prestapyt/prestapyt;4
pyxnat/pyxnat;7
rfverbruggen/rachiopy;9
samgiles/slumber;0
smartsheet-platform/smartsheet-python-sdk;26
sunlightlabs/python-superfastmatch;0
twilio/authy-python;0
twilio/twilio-python;225
zencoder/zencoder-py;1
automicus/PyISY;49
skwashd/python-acquia-cloud;1
commonsense/conceptnet5;0
qgiscloud/qgis-cloud-plugin;3
Friz-zy/pyspaces;0
SciLifeLab/CAW;17
argoai/argoverse-api;1
beat-machine/beat-machine;5
certego/IntelOwl;67
data-8/nbgitpuller;0
datarootsio/ml-skeleton-py;4
deltachat-bot/deltabot;0
flomotlik/formica;7
hedythedev/starcli;45
kedpter/M3u8Downloader;0
libp2p/py-libp2p;4
machinable-org/machinable;68
mlf-core/mlf-core;32
neurostuff/NiMARE;45
nodepy/nodepy;0
pappasam/jedi-language-server;108
pierogis/pierogis;6
spectacles-ci/spectacles;50
titusz/onixcheck;6
DeepSpace2/StyleFrame;38
adamstruck/cwl2wdl;0
aio-libs/aioftp;0
artefactual/automation-tools;0
brutus/Desktop-Streamer;0
cript0nauta/pynixify;0
datarobot/batch-scoring;21
inishchith/em-keyboard;23
jdowner/gist;6
mete0r/pyhwp;0
naspeh/mailur;0
rohbotics/pifi;10
spotify/python-graphwalker;0
ylamgarchal/chillaxd;2
DefectDojo/django-DefectDojo;194
TUW-GEO/ascat;25
raphaelvallat/pingouin;39
SasView/sasview;37
myano/jenni;0
odoo/odoo;0
DirkR/capturadio;0
Exa-Networks/exabgp;62
Grokzen/pykwalify;21
Grokzen/redis-py-cluster;19
NLeSC/xtas;1
SteveDoyle2/pyNastran;12
aashutoshrathi/git-stalk-cli;7
atlanhq/camelot;1
bookieio/breadability;0
brandon-rhodes/luca;0
hootnot/oandapyV20-examples;0
jhauberg/cards.py;15
pegler/pytzwhere;5
unixsurfer/anycast_healthchecker;13
zzggbb/colorblocks;0
EndPointCorp/lg_ros_nodes;0
hustcc/webhookit;0
krischer/instaseis;4
DoSOCSv2/DoSOCSv2;3
JoinMarket-Org/joinmarket;6
keith/gist.vim;1
kencoken/imsearch-tools;0
kennethjiang/OctoPrint-Anywhere;69
DocNow/twarc;131
YuvrajRaghuvanshiS/WhatsApp-Key-Database-Extractor;5
bird-house/flyingpigeon;12
erdogant/findpeaks;39
noaa-oar-arl/MONET;14
tanghaibao/goatools;0
DonJayamanne/pythonVSCode;51
alexwlchan/docstore;0
orf/xcat;1
Duroktar/Wolf;0
desihub/desispec;22
GoogleCloudPlatform/gsutil;0
EI-CoreBioinformatics/mikado;86
Opentopic/falcon-api;35
machinezone/cobra;0
mikeqfu/pydriosm;17
htrc/htrc-feature-reader;0
murthylab/sleap;109
EPAENERGYSTAR/epathermostat;9
Microsoft/fairlearn;14
NCATS-Tangerine/kgx;51
arviz-devs/arviz;37
lebrice/Sequoia;0
neurodata/brainlit;6
neuropoly/spinalcordtoolbox;69
EVE-Tools/element43;0
OpenTreeMap/otm-core;0
aspc/mainsite;0
caktus/django-treenav;3
ccnmtl/django-munin;0
frigg/frigg-hq;0
progdupeupl/pdp_website;0
sci-wms/sci-wms;8
socketubs/sublimall-server;0
Jaymon/endpoints;0
PRTG/PythonMiniProbe;2
nevillegrech/MadMax;0
nevillegrech/gigahorse-toolchain;2
ticketfrei/ticketfrei;14
Pylons/webob;0
ReactionMechanismGenerator/RMG-Py;22
brian-team/brian;0
jcrudy/py-earth;1
jedie/DragonPy;7
jedie/python-creole;1
johnglover/modal;0
locationlabs/mockredis;4
pief/python-netsnmpagent;0
pytube/pytube;31
robotframework/RIDE;31
scikit-nano/scikit-nano;0
selective-inference/Python-software;0
ska-sa/scikits.fitting;0
skozlovf/flask-json;0
spacetelescope/PyFITS;1
wrobstory/climatic;0
F-Secure/see;0
gnocchixyz/python-gnocchiclient;3
openstack/deb-python-ironic-inspector-client;0
openstack/deb-python-ironicclient;0
openstack/deb-python-magnumclient;0
openstack/deb-python-watcherclient;0
openstack/django-openstack-auth-kerberos;0
openstack/django_openstack_auth;0
openstack/mogan;0
openstack/python-ceilometerclient;0
openstack/python-congressclient;0
openstack/python-cueclient;0
openstack/python-freezerclient;0
openstack/python-karborclient;0
openstack/python-keystoneclient-kerberos;0
openstack/python-zaqarclient;0
gluster/gluster-swift;0
FairwindsOps/reckoner;56
ungarj/mapchete;78
FeatureLabs/nlp_primitives;31
Stable-Baselines-Team/stable-baselines;0
google/TensorNetwork;18
Fizzadar/pyinfra;103
fhcrc/taxtastic;0
major/supernova;8
Flumotion/flumotion;0
bashwork/pymodbus;75
oe-alliance/oe-alliance-plugins;0
twisted/imaginary;0
azatoth/scons;0
nicholasdavidson/pybit;0
Foxbud/rendascii;0
GNOME/orca;0
HunterAP23/ADB_Forwarder;0
MW55/Natrix;1
alephdata/fingerprints;0
castelao/seabird;5
ihptru/orabot;3
kevinwuhoo/randomcolor-py;2
marcy-terui/lamvery;10
mxtthias/mcomix;0
openfisca/openfisca-france;4
openstack/fuel-ccp;0
openstack/fuel-ccp-entrypoint;0
openstack/openstack-ansible;0
privcount/privcount;0
psathyrella/partis;0
strawlab/pymvg;0
tern-tools/tern;23
FrodeSolheim/fs-uae-launcher;9
benjaminp/httpswatch;0
cdown/aur;0
keylime/keylime;61
kurtmckee/listparser;2
smarthomeNG/plugins;23
tus/tus-py-client;13
GNS3/gns3-server;196
dowjones/respawn;1
hfaran/Tornado-JSON;22
pytest-dev/pytest-mock;39
tilgovi/pyramid-oauthlib;7
GalSim-developers/GalSim;22
blixt/py-starbound;1
boscoh/uniprot;0
hubo1016/vlcp;24
mendix/m2ee-tools;0
nelforza/Ganjoor-API;0
uploadcare/pyuploadcare;39
GaretJax/django-click;10
coddingtonbear/django-measurement;8
goyalsid/phageParser;0
jazzband/sorl-thumbnail;7
ctxis/django-admin-view-permission;19
paulocheque/django-dynamic-fixture;0
GenericMappingTools/pygmt;18
Lasagne/Lasagne;1
automl/SMAC3;44
neurokernel/neurokernel;3
pactools/pactools;0
stormpath/stormpath-documentation;24
tardis-sn/tardis;155
wmayner/pyphi;30
django-ddp/django-ddp;0
grnet/synnefo;0
NagiosEnterprises/ncpa;32
blue-yonder/pyscaffold;26
reingart/pyafipws;7
GoogleChrome/chromium-dashboard;0
c4rlo/vimhelp;0
googlesamples/hangouts-chat-samples;0
lzeke0/TwitchRSS;0
zalando/spilo;29
deepchem/deepchem;20
jensengroup/propka;5
lsst/sims_maf;12
mirnylab/cooltools;19
oxfordcontrol/osqp-python;2
rhiever/tpot;30
robintw/BankClassify;0
baidubce/bce-sdk-python;0
weblyzard/ewrt;1
ROGUE-JCTD/rogue_geonode;5
GoogleCloudPlatform/gcs-oauth2-boto-plugin;1
biocore/qiita;28
cloudendpoints/endpoints-python;0
evansde77/cirrus;88
google/capirca;9
jmcgeheeiv/pyfakefs;61
openstack-infra/bindep;0
openstack/deb-python-oslo.versionedobjects;0
openstack/deb-python-tackerclient;0
openstack/networking-nec;0
pytent/pytentd;0
GoogleCloudPlatform/python-docs-samples;0
Swimlane/swimlane-python;65
hikari-py/hikari;64
GovReady/govready-q;29
PeteAndersen/swarfarm;0
potatolondon/djangae;0
saebyn/django-classifieds;0
GrumpyNounours/PySeidon;6
SexualHealthInnovations/callisto-core;2
SynBioDex/pySBOL;7
Tencent/bk-bcs-saas;1
bbugyi200/funky;0
bethgelab/foolbox;59
ipython/ipyparallel;0
ni/nimi-python;31
osantana/staty;0
uw-midsun/strategy;0
HIPS/autograd;2
IDSIA/sacred;14
OasisLMF/OasisLMF;134
django-fluent/django-fluent-pages;0
greedo/python-xbrl;5
mdgoldberg/sportsref;0
openaddresses/machine;0
rmjarvis/TreeCorr;12
romanvm/script.module.simpleplugin;38
vit-project/vit;13
datawire/forge;0
hobarrera/todoman;0
jck/uhdl;0
jeffknupp/sandman;0
michaeljoseph/changes;1
rgreinho/python-cookiecutter;2
sixty-north/cosmic-ray;0
snapcore/snapcraft;155
sphinx-contrib/sphinxcontrib-versioning;11
Hagb/decryptBooxUpdateUpx;0
Velocidex/pyaff4;1
wh1te909/tacticalrmm;150
HappyTramp/minishell_test;0
akheron/cpython;0
allenai/pybart;40
bendmorris/static-python;0
bioinform/somaticseq;58
intentionet/netconan;21
kylebarron/stata_kernel;0
pyparallel/pyparallel;6
python/cpython;0
PyO3/setuptools-rust;49
creativeprojects/resticprofile;45
HelloZeroNet/ZeroNet;22
PhotonQuantum/pysjtu;0
Yubico/yubikey-manager;39
rackerlabs/scantron;45
nlgranger/SeqTools;8
icarofua/vehicle-ReId;0
microsoft/DistributedDeepLearning;0
IN-CORE/pyincore;90
microsoft/topologic;0
mjs7231/python-plexapi;53
IQTLabs/poseidon;105
aiortc/aioquic;0
berislavlopac/pyotr;2
chdsbd/kodiak;58
hflabs/dadata-py;0
iotaledger/iota.py;33
jadchaar/SEC-EDGAR-Downloader;22
thebigmunch/google-music;14
triaxtec/openapi-python-client;79
georgebrock/1pass;0
python-provy/provy;0
zatosource/zato;0
IdentityPython/pyop;20
SeitaBV/flexmeasures;49
StackIQ/stacki;43
MicronOxford/microscope;0
MycroftAI/adapt;15
benrobster/django-shortuuidfield;0
cisco-ie/cisco-gnmi-python;14
dropbox/groupy;5
emilmont/pyStatParser;0
facetoe/zenpy;23
fizyr/keras-retinanet;6
google/pyu2f;6
jollychang/robotframework-appiumlibrary;17
lino-framework/lino;0
romanvm/script.module.pyxbmct;9
twidi/django-extended-choices;13
Syndace/python-omemo;20
neithere/argh;24
neithere/monk;3
tBuLi/symfit;24
Jajcus/pyxmpp2;1
adafruit/Adafruit_Blinka_bleio;27
aws/aws-encryption-sdk-cli;12
eventbrite/eventbrite-sdk-python;6
jrjohansson/version_information;1
llvm-mirror/zorg;0
llvm/llvm-zorg;0
mollie/mollie-api-python;66
pokermania/pokerengine;0
pokermania/pokernetwork;0
robotframework/robotframework;81
tenable/pyTenable;19
zaibacu/rita-dsl;8
zain/jogging;0
Jenyay/outwiker;54
JobsDong/tigerspider;0
PlanetaryMotion/pingPongBallClock;0
agronholm/anyio;5
glyphobet/fragments;0
metakgp/gyft;0
naftaliharris/placeholder;0
pykickstart/pykickstart;23
rubys/venus;0
SanPen/GridCal;24
catalystneuro/nwb-conversion-tools;11
elbakramer/koapy;15
firstlookmedia/dangerzone;18
firstlookmedia/gpgsync;11
micahflee/onionshare;34
pypeit/PypeIt;24
renanleonellocastro/darf_generator;0
JordiBolibar/ALPGM;3
calliope-project/calliope;26
bsavitzky/py4DSTEM;0
meanmedianmoge/zoia_lib;7
Karaage-Cluster/karaage;0
Karaage-Cluster/python-tldap;0
heywbj/django-rest-framework-recursive;0
Kayzaks/HackingNeuralNetworks;0
hassony2/torch_videovision;1
inferno-pytorch/inferno;9
vaquerizaslab/fanc;0
wkentaro/chainer-mask-rcnn;0
wkentaro/pytorch-fcn;0
magenta/magenta;48
KevinMusgrave/pytorch-metric-learning;50
OpenMined/SyferText;0
SforAiDl/genrl;1
geometalab/osmaxx;20
open-data/ckanext-canada;0
Kixeye/untar-to-s3;0
formateddd/Pornhub;0
ssato/miniascape;0
gsamokovarov/frames.py;0
sublee/ranking;0
sublee/trueskill;0
Kozea/WeasyPrint;73
garbados/flask-browserid;0
posativ/acrylamid;0
KwanLab/Autometa;13
calum-chamberlain/EQcorrscan;36
cdqa-suite/cdQA;5
cvxgrp/diffcp;0
marl/l3embedding;0
LCOGT/banzai;1
aplpy/aplpy;0
sncosmo/sncosmo;21
weaverba137/pydl;19
LMFDB/lmfdb;2
PyBossa/pybossa;62
ajford/RGVRSEF;0
codeforpdx/dwellinglybackend;0
emfcamp/Website;0
fhats/partify;0
gateway4labs/labmanager;0
hasgeek/hasgeek.tv;0
hasgeek/hasjob;0
imwilsonxu/fbone;0
inspirehep/inspire-next;138
okfn/bibserver;0
openlabs/nereid;0
Labber-software/Drivers;0
asyml/forte;11
kipoi/models;49
pysparkling/pysparkling;0
hichamjanati/mutar;0
wglass/collectd-haproxy;0
LedFx/LedFx;34
aleph-im/pyaleph;37
mozilla/bugbug;2
LucasRGoes/ports-adapters-sample;0
azeteki/bitcoind-ncurses;0
intracom-telecom-sdn/nstat;5
LuminosoInsight/luminoso-api-client-python;0
Theano/Theano;0
aimhubio/aim;65
deepset-ai/haystack;117
desbma/sacad;63
MikkelSchubert/paleomix;26
TomWhitwell/SlowMovie;0
armooo/cloudprint;0
bridgecrewio/checkov;1922
curzon01/mqtt2sql;0
danielhers/tupa;2
gwforg/gwf;7
hyperledger/aries-cloudagent-python;89
locustio/locust;122
smarkets/marge-bot;13
MongoEngine/django-mongoengine;15
django-cms/django-cms;17
django-fiber/django-fiber;0
django-otp/django-otp;0
jazzband/django-configurations;11
mathiasertl/django-ca;38
vmware/django-yamlconf;0
dmlc/minpy;0
duerrp/pyexperiment;0
mila-udem/blocks-examples;0
pybel/pybel;97
MycroftAI/selene-backend;10
SigmaHQ/sigma;27
lablup/backend.ai-manager;25
NASA-DEVELOP/vocal;2
computationalmodelling/fidimag;8
markovmodel/PyEMMA;26
otsaloma/gaupol;51
otsaloma/nfoview;43
scikit-rf/scikit-rf;31
NHERI-SimCenter/pelicun;10
Nateliason/pin-scrape;0
akrito/patu;0
dhellmann/rst2blogger;0
Nexedi/cloudooo;0
OpenMDAO/OpenMDAO-Framework;0
aws/aws-xray-sdk-python;27
cornellius-gp/gpytorch;33
etingof/pyasn1;18
nicolas-chaulet/deeppointcloud-benchmarks;10
osaddon/cdmi;0
pculture/miro;0
shoyer/cyordereddict;0
tomasbedrich/pycaching;35
arxiv-vanity/arxiv-vanity;0
awesto/django-shop;0
caktus/rapidsms-healthcare;0
djangonauts/django-hstore;17
dotKom/onlineweb4;486
globocom/database-as-a-service;279
jodal/comics;40
valdergallo/django-compress-field;9
yourlabs/django-autocomplete-light;1
yourlabs/django-rules-light;0
benoitsteiner/tensorflow-xsmm;0
kejbaly2/metrique;2
leftthomas/CCCapsNet;0
mikeasilva/cgr-work;0
paulbricman/Autocards;0
pm4py/pm4py-core;144
sonyc-project/urban-sound-tagging-baseline;0
ercdndrs/AutoMaxLair;11
lanmaster53/pwnedhub;4
P1X-in/Tanks-of-Freedom-Server;0
pricingassistant/mrq;5
PagerDuty/pagerduty-api-python-client;0
gtaylor/EVE-Market-Data-Relay;0
mLewisLogic/foursquare;0
ParallelDots/ParallelDots-Python-API;0
RI-imaging/ODTbrain;0
SuLab/WikidataIntegrator;33
clarete/curdling;0
dulwich/dulwich;25
prismicio/python-kit;15
redhat-openstack/infrared;3
toomore/grs;21
weso/CWR-Validator;0
PartnershipOnAI/safelife;0
chgroenbech/scVAE;7
huawei-noah/multi_hyp_cc;0
SeanNaren/deepspeech.pytorch;6
ivadomed/ivadomed;34
Pitasi/TagAlertBot;0
PressLabs/silver;0
PrincetonUniversity/PsyNeuLink;58
ml4ai/delphi;7
condense9/hark-lang;0
ProPorygon/TheOgreProtocol;0
bgribble/mfp;4
caffe2/caffe2-benchmarking;0
deanishe/alfred-duden;7
gwk/pdfminer3;0
gyyang/neurogym;1
ProgVal/Limnoria;0
fedora-infra/bodhi;87
lrvick/synt;0
nmathewson/mixminion;0
sugarlabs/sugar;0
wiedi/khashmir;0
atbrandt/DeadbearBot;0
aveao/robocop-ng;0
teamsempo/SempoBlockchain;24
asdf-format/asdf;50
twisted/pydoctor;0
PyFilesystem/pyfilesystem;0
ctismer/pyfilesystem;0
burnash/gspread;61
inaz2/SimpleHTTPProxy;0
mknx/smarthome;0
uw-cmg/MAST;13
RiiConnect24/File-Maker;0
banga/powerline-shell;0
mhjabreel/CharCnn_Keras;0
skyline75489/pyfm;0
younho9/narkdown;24
PyroSamurai/apt-p2p;0
provegard/airpnp;0
Qiskit/qiskit-ignis;14
QubesOS/qubes-core-admin;0
datasciencebr/serenata-de-amor;0
Ritiek/Spotify-Downloader;0
jorgecarleitao/public-contracts;0
ravemir/meo-wifi-login;0
RasaHQ/rasa-sdk;95
pg8wood/discord-voice-assistant-bot;0
ReadabilityHoldings/python-readability-api;0
bear/python-twitter;12
pylti/lti;1
sarumont/py-trello;0
sybrenstuvel/flickrapi;0
geduldig/TwitterAPI;0
michaelhelmick/python-netflix;0
michaelhelmick/python-tumblpy;2
photo/openphoto-python;6
bbangert/velruse;0
gfairchild/yelpapi;0
glenbot/python-aggcat;0
oddluck/limnoria-plugins;0
orcasgit/python-fitbit;1
willemarcel/osmcha-django;79
ReproNim/neurodocker;23
team-ocean/veros;20
WattTime/pyiso;8
teamhephy/controller;14
Ryo-Ito/brain_segmentation;0
danielyule/hearthbreaker;0
frankkramer-lab/MIScnn;5
ilius/pyglossary;20
ranger/ranger;0
reviewboard/ReviewBot;1
SAP/InfraBox;13
cqmoe/python-cqhttp;0
danny0838/PyWebScrapBook;2
ergoithz/browsepy;12
gsi-upm/calista-bot;1
nicolas-van/pygreen;2
SEED-platform/seed;88
jieter/django-tables2;0
jcontini/google-keep-csv;0
SK-415/HarukaBot;58
SnwMds/PolemicBooksAPI;0
cqmoe/python-aiocqhttp;5
itzkvn/python-http-monitoring;0
cogent3/cogent3;4
colour-science/colour;22
egemenimre/satmad;3
masfaraud/BMSpy;4
oemof/tespy;42
pauliacomi/pyGAPS;26
pycogent/pycogent;0
pzivich/zepid;22
spacetelescope/specviz;23
beijbom/coralnet;0
datawire/kubernaut;0
neurodata/m2g;4
spacy-io/thinc;81
SeldonIO/MLServer;16
alteryx/evalml;103
maartenbreddels/vaex;4
rbavishi/atlas;0
theislab/cellrank;3
ShannonAI/service-streamer;0
Z2PackDev/Z2Pack;0
bcicen/statsquid;3
biotite-dev/biotite;56
ceph/calamari;0
openstack/deb-oslo.privsep;0
pupil-labs/pupil;116
sublee/zeronimo;0
mountainpenguin/pyrt;0
kengz/SLM-Lab;26
mushorg/glastopf;1
okfn/webstore;0
brumar/anknotes;1
discogs/discogs_client;7
jupyter/jupyterhub;0
openSUSE/py2pack;0
grid-control/grid-control;5
calaldees/KaraKara;5
mnubo/kubernetes-py;0
SmartTeleMax/iktomi;2
mkouhei/tonicdnscli;0
SmileyChris/easy-thumbnails;1
funkybob/django-nap;0
gregmuellegger/django-autofixture;0
jedie/django-dbpreferences;0
peterbe/django-html-validator;0
sciyoshi/django-dbsettings;0
openstack/faafo;0
ViDA-NYU/reprozip;37
aerospike/aerospike-admin;83
devexp-db/distgen;21
openstack/packstack;0
SteveMcGrath/pySecurityCenter;0
Taapat/enigma2-plugin-youtube;226
etingof/pysmi;12
geopython/OWSLib;21
ipop-project/controllers;8
kodmasin/fiskpy;0
lukaszbanasiak/yahoo-finance;12
nim901/gfycat;0
hyperion-rt/hyperion;1
keflavich/image_registration;4
TheMTank/cups-rl;0
christopher-dG/gpymusic;0
jinhucheung/letscertbot;0
kevthehermit/PasteHunter;6
simonwittber/netwrok-server;0
zynga/jasy;0
Yubico/python-u2flib-server;5
google/grr;28
google/python-adb;1
juergh/dwarf;0
kevoreilly/CAPEv2;0
TuxSH/firmtool;5
mazdakb/django-naqsh;1
omemo/python-omemo;0
algorand/py-algorand-sdk;42
VisTrails/VisTrails;8
WhoopInc/mkwheelhouse;0
hjacobs/aws-saml-login;0
Yelp/osxcollector;1
Yelp/osxcollector_output_filters;0
Yelp/pyleus;0
dnephin/PyStaticConfiguration;1
wting/autojump;0
erans/ec2instancespricing;0
rst2pdf/rst2pdf;11
os/slacker;55
refindlyllc/rets;2
aclark4life/vanity;0
adangert/JoustMania;2
automl/HPOBench;6
bodywork-ml/bodywork-core;0
coldfix/udiskie;0
ctlearn-project/ctlearn;16
mushorg/tanner;6
owtf/owtf;12
sciapp/nojava-ipmi-kvm;0
e-koch/FilFinder;10
pyspeckit/pyspeckit;14
radio-astro-tools/spectral-cube;18
spacetelescope/gwcs;18
zblz/naima;0
aio-libs/sockjs;12
appnexus/pyrobuf;0
aws/deep-learning-containers;1924
ajhynes7/scikit-spatial;0
datadesk/latimes-calculate;0
geospace-code/pymap3d;57
henrysky/astroNN;3
mithi/hexapod-robot-simulator;5
opencobra/memote;50
tschellenbach/Django-facebook;0
akkana/feedme;0
cobrateam/django-htmlmin;5
eucalyptus/eutester;2
openhatch/oh-mainline;0
alertmanager/alert_manager;0
binaryage/drydrop;0
google/cauliflowervest;0
kalyan02/tumblrthemr;0
alireza-amirsamimi/persepolis;0
coala-analyzer/coala;17
amarh/openPLM;0
klipstein/dojango;0
churchlab/millstone;3
amol9/wallp;0
johnbywater/quantdsl;0
labrad/pylabrad;0
scrapy-plugins/scrapy-djangoitem;0
carlos-jenkins/autoapi;0
lmjohns3/theanets;2
devitocodes/devito;38
anchore/anchore-engine;0
andresriancho/w3af;4
biobakery/MetaPhlAn;26
hans/glove.py;0
namuyan/bc4py;4
nucypher/nucypher;11
andsor/pyfssa;12
berkeley-cocosci/Wallace;17
gvalkov/rsstail.py;1
hamcrest/PyHamcrest;10
junzis/adsb-decode-guide;0
pykler/yajl-py;0
tmux-python/libtmux;103
tmux-python/tmuxp;177
ariddell/lda;0
openstack/kite;0
arosenfeld/immunedb;0
fredrik-eriksson/kodi_projcontrol;1
pingo-io/pingo-py;0
vheon/JediHTTP;0
dsavransky/EXOSIMS;35
pubnub/python;57
jpaalasm/zephyr-bt;0
k4yt3x/wg-meshconf;0
minimaxir/optillusion-animation;0
leukeleu/wagtail-pg-search-backend;0
asdaraujo/edge2ai-workshop;0
davidcrawford/chronic;0
holoviz/holoviz;8
asterisk/testsuite;0
astropy/regions;5
mhvk/baseband;17
nchopin/particles;4
avocado-framework/avocado;35
aws/chalice;0
bashtage/randomgen;32
borgbackup/borg;102
conan7882/DeepVision-tensorflow;0
awslabs/amazon-qldb-driver-python;14
jamesls/semidbm;0
seisman/HinetPy;36
m2u/m2u;0
bccp/nbodykit;7
pymc-devs/symbolic-pymc;0
benoitc/couchdbkit;1
bittorrent/btc;0
chrislongo/HttpShell;0
versae/neo4j-rest-client;1
blaze/blaze;14
guyskk/flask-restaction;0
kolypto/py-flask-jsontools;0
viniciuschiele/flask-io;22
dsiroky/snakemq;0
plone/plone.dexterity;0
roclark/sportsipy;20
sidnei/txstatsd;0
tsuru/mysqlapi;0
rhinstaller/blivet;25
cloudify-cosmo/cloudify-aws-plugin;89
wuub/rxv;3
celery/py-amqp;11
edx/repo-tools;29
smari/voting;0
erudit/eruditorg;12
chrisclark/PythonForDataScience;0
dwave-examples/factoring;5
clones/wtforms;0
mediadrop/mediadrop;0
wtforms/wtforms;10
lmacken/liveusb-creator;6
virt-manager/virt-manager;5
cov-lineages/pangolin;92
nidhaloff/igel;14
dbcli/pgcli;0
j-bennet/wharfee;0
pyskell/slouchy;5
tchapi/pianette;1
danieldaeschle/swapy;4
seveas/git-spindle;2
seveas/python-hpilo;4
scylladb/scylla-cluster-tests;0
davidfor/calibre-annotations;28
koordinates/sno;34
probcomp/bayeslite;0
deathlyface/python-tradingview-ta;23
hallowed/jugendwort-spammer;0
matomatical/UoM-WAM-Spam;0
jupyter/jupyter_client;53
jupyter/qtconsole;0
dictation-toolbox/caster;5
ilcardella/TradingBot;0
django-admin-tools/django-admin-tools;0
django-tastypie/django-tastypie;8
smart-classic/smart_server;0
transifex/transifex;0
worldcompany/djangoembed;0
iki/fantasm;0
fyl00/ExportXiamiList;1
iniqua/plecost;2
karec/oct;7
superdesk/superdesk-core;210
ghickman/tvrenamr;0
jackjennings/Mechanic;0
lazylibrarian/LazyLibrarian;0
socketubs/Sublimall;26
duosecurity/duo_openvpn;3
openstack/nova-zvm-virt-driver;0
edx/cookiecutter-django-ida;0
edx/credentials;3
edx/ecommerce;0
eea/sparql-client;7
emlid/ntripbrowser;5
openstack/networking-bagpipe;0
kanaka/websockify;8
openstack/networking-vsphere;0
leapcode/bitmask_client;0
pietroalbini/botogram;14
suminb/gitstats;0
fonttools/ufoLib2;37
jbernard/dotfiles;0
gvkalra/python-anydo;0
mlafeldt/camplight;2
rougeth/pythonnobrasil;0
simplecrypto/simplecoin_multi;0
strinking/futaba;0
mila-iqia/blocks;4
openstack/deb-python-oslo.db;0
gklyne/annalist;18
joecummings/gitmine;4
gratipay/gratipay.com;0
liberapay/liberapay.com;0
paramiko/paramiko;0
microsoft/maro;21
hwwang55/GCN-LPA;0
lcswillems/rl-starter-files;0
nodefluxio/vortex;4
sns-sdks/python-youtube;9
sotelo/parrot;0
iArunava/scratchai;0
mcleonard/sampyl;0
pybamm-team/PyBaMM;45
idan/telostats;0
tzulberti/Flask-PyPi-Proxy;0
whtsky/Dash.py;3
rq/django-rq;12
jazzband/django-pipeline;14
rochacbruno/dynaconf;0
jbfavre/python-protobix;1
sailthru/stolos;0
jjangsangy/py-translate;14
jsaponara/opentaxforms;0
pierky/arouteserver;99
josephbestjames/airtable.py;12
maxmind/GeoIP2-python;40
pawelrychlik/jira-dependency-graph;0
sporteasy/python-poeditor;3
klee/klee-web;0
maitesin/website;0
kunitoki/django-custard;0
luqasz/librouteros;0
mdn/browsercompat;0
mozilla/badges.mozilla.org;0
mozilla/django-badger;0
mozilla/django-tidings;9
mozilla/remo;75
pyvideo/richard;0
mozilla/fjord;0
nuagenetworks/nuage-openstack-neutron;0
openstack/deb-networking-mlnx;0
openstack/deb-neutron-vpnaas;0
openstack/dragonflow;0
openstack/networking-6wind;0
openstack/networking-bigswitch;0
openstack/networking-fortinet;0
openstack/networking-fujitsu;0
openstack/networking-infoblox;0
openstack/networking-onos;0
openstack/networking-powervm;0
openstack/neutron-fwaas;0
openstack/tricircle;0
openstack/astara;0
prymatex/prymatex;0
shobeir/GraphiPy;0
openstack/bareon;0
openstack/fuel-ostf;0
openstack/deb-zaqar;0
openstack/openstack-doc-tools;0
openstack/powervc-driver;0
tanghaibao/jcvi;0
tiangolo/meinheld-gunicorn-docker;5
talaia-labs/python-teos;4
plone/Products.Archetypes;0
zopefoundation/ZEO;0
zopefoundation/ZODB;0
zopefoundation/Zope;0
zopefoundation/zdaemon;0
python-telegram-bot/python-telegram-bot;115
robweber/xbmcbackup;0
robweber/xbmclibraryautoupdate;0
