repo_name;release_count;age;star_count
earwig/mwparserfromhell;23;4484;738
edx/course-discovery;10;3215;56
pollen-robotics/reachy;11;1864;137
CellProfiler/CellProfiler;34;4895;891
DigitalCampus/django-oppia;42;4090;17
OpenTransitTools/gtfsdb;5;3452;155
Rorosha/testcloud;12;3688;13
Ulauncher/Ulauncher;147;3399;3614
canonical/cloud-init;35;3613;2846
codalab/codalab-cli;121;3559;154
exaile/exaile;29;3652;360
google/clusterfuzz;35;2039;5263
kobotoolbox/kobocat;59;3937;117
kyper-data/python-highcharts;8;3287;394
mdtraj/mdtraj;27;4311;577
mozilla-services/shavar-list-creation;5;3627;15
mozilla/telemetry-airflow;45;3033;174
sagemath/sage;115;4465;1289
salopensource/sal-scripts;43;3313;23
tdsmith/homebrew-pypi-poet;10;3497;138
widdowquinn/pyani;16;3530;192
z411/trackma;21;4401;765
Adapter-Hub/adapter-transformers;21;1591;2508
PaulMcInnis/JobFunnel;10;2561;1796
PyTorchLightning/pytorch-lightning;160;1978;27853
cltk/cltk;78;3882;830
earwig/mwparserfromhell;23;4484;738
edx/course-discovery;10;3215;56
pollen-robotics/reachy;11;1864;137
CellProfiler/CellProfiler;34;4895;891
DigitalCampus/django-oppia;42;4090;17
OpenTransitTools/gtfsdb;5;3452;155
Rorosha/testcloud;12;3688;13
Ulauncher/Ulauncher;147;3399;3614
canonical/cloud-init;35;3613;2846
codalab/codalab-cli;121;3559;154
exaile/exaile;29;3652;360
google/clusterfuzz;35;2039;5263
kobotoolbox/kobocat;59;3937;117
kyper-data/python-highcharts;8;3287;394
mdtraj/mdtraj;27;4311;577
mozilla-services/shavar-list-creation;5;3627;15
mozilla/telemetry-airflow;45;3033;174
sagemath/sage;115;4465;1289
salopensource/sal-scripts;43;3313;23
tdsmith/homebrew-pypi-poet;10;3497;138
widdowquinn/pyani;16;3530;192
z411/trackma;21;4401;765
Adapter-Hub/adapter-transformers;21;1591;2508
PaulMcInnis/JobFunnel;10;2561;1796
PyTorchLightning/pytorch-lightning;160;1978;27853
cltk/cltk;78;3882;830
wellcometrust/WellcomeML;21;1687;31
yannforget/pylandsat;5;2179;65
googlefonts/fontbakery;55;4212;542
1313e/PRISM;13;2396;43
NSLS-II/PyXRF;24;3437;30
PierreRaybaut/PythonQwt;24;3295;85
PierreRaybaut/guidata;26;3294;60
cbrnr/mnelab;28;2623;238
equinor/ert;475;2684;99
kcjengr/QtPyVCP;44;2155;88
pyvista/pyvistaqt;6;1568;104
srevinsaju/guiscrcpy;38;1904;2826
tohojo/flent;24;4342;429
wkentaro/labelme;68;3034;13060
Syncleus/apex;5;3087;15
deshaw/pyflyby;24;2154;345
scrapy/parsel;15;3415;1117
yashaka/selene;39;3422;690
akretion/roulier;19;3055;21
certtools/intelmq;44;3719;963
mlsecproject/combine;5;3842;652
opentargets/rest_api;6;3146;13
shoopio/shoop;137;3375;2226
6uhrmittag/taskbutler;9;2337;50
AlienVault-Labs/OTX-Python-SDK;16;3419;351
AtomicConductor/conductor_client;92;3423;14
Chadsr/NordVPN-NetworkManager;26;2660;123
Clinical-Genomics/scout;151;3611;148
CorruptComputer/ProtonDB-Tags;6;1910;186
Crystalnix/termius-cli;13;4084;453
DMOJ/online-judge;5;3822;914
DuckBoss/JJMumbleBot;63;2026;50
HDI-Project/ATM;6;2876;524
HXLStandard/libhxl-python;83;3669;40
JohnMaguire/Cardinal;32;4221;100
Koed00/django-whoshere;6;3398;18
Nettacker/Nettacker;12;2687;3177
OCHA-DAP/hdx-ckan;691;3852;74
PSLmodels/Tax-Calculator;97;3684;254
RIPE-NCC/ripe-atlas-cousteau;28;3759;64
RomelTorres/alpha_vantage;6;2679;4220
SamSchott/maestral;57;2103;3083
SickChill/SickChill;18;3211;2397
SickGear/SickGear;65;3578;683
SpiderOak/netkes;109;4090;15
StevenBlack/hosts;668;4521;26399
Syncplay/syncplay;69;4452;2099
WeblateOrg/weblate;97;4567;4466
WorldWideTelescope/pywwt;53;2481;49
airbnb/streamalert;28;2776;2849
akamhy/waybackpy;35;1580;460
astropy/pyvo;30;4086;75
avwx-rest/AVWX-Engine;25;3405;88
callahantiff/PheKnowLator;10;2168;157
cekit/cekit;72;2555;100
ckan/ckanext-harvest;26;4655;130
datawire/ambassador;205;2709;4336
ericmandel/pyjs9;15;3525;16
explosion/spaCy;125;3710;29573
galaxyproject/galaxy;19;3475;1367
glennmatthews/cot;42;3717;88
grow/grow;164;3999;399
gwpy/gwosc;15;2668;25
ilastik/ilastik;10;4496;346
janrain/janrain-python-api;9;4223;9
jpmens/mqttwarn;20;3854;952
jupyter/repo2docker;14;2669;1612
kovacsbalu/WazeRouteCalculator;17;3225;144
lektor/lektor;44;3176;3803
microsoft/nlp-recipes;5;1973;6362
oemof/feedinlib;6;3689;99
project-koku/koku;268;2351;264
pv8/noipy;14;4178;71
rhinstaller/anaconda;176;3495;531
rolandgeider/wger;11;4240;3048
romanvm/service.addic7ed;24;3597;20
rotki/rotki;110;2369;2769
rsmusllp/king-phisher;29;3891;2201
sk1418/zhuaxia;8;3840;410
streamlit/streamlit;83;1832;34318
tobi-wan-kenobi/bumblebee-status;40;2860;1211
xesscorp/KiCost;11;3346;502
xirixiz/Home-Assistant-Sensor-Afvalwijzer;124;2345;175
y0ssar1an/CSS3;50;3699;189
4Catalyzer/flask-resty;82;3323;85
Diaoul/spkrepo;7;3561;150
EUDAT-B2SHARE/b2share;56;4229;35
JARR-aggregator/JARR;18;3922;419
JackStouffer/Flask-Foundation;5;4001;1288
MongoEngine/flask-mongoengine;10;4489;841
NYPL-Simplified/circulation;74;3555;19
Netflix/security_monkey;18;3715;4349
OctoPrint/OctoPrint;145;4259;8215
Pegase745/sqlalchemy-datatables;12;4040;159
StartupsPoleEmploi/labonneboite;5;2562;42
alephdata/aleph;29;3654;1996
all-of-us/raw-data-repository;461;2933;40
apache/airflow;88;3426;36042
betterlife/betterlifepsi;9;3359;2
blockstack/blockstack-core;118;3628;3006
csm-aut/csm;7;3481;11
dpgaspar/Flask-AppBuilder;40;3945;4616
etalab/udata;99;3779;238
fedora-infra/anitya;32;3926;243
flask-admin/flask-admin;17;4546;5729
geopython/GeoHealthCheck;9;3642;84
getredash/redash;98;3958;25856
getslash/backslash;22;3655;16
jfinkels/flask-restless;25;4565;1021
levlaz/braindump;10;3202;526
lyft/confidant;10;3275;1837
nsacyber/WALKOFF;40;3004;1199
osmlab/maproulette;5;4199;47
raymondEhlers/OVERWATCH;8;3135;10
realpython/cookiecutter-flask-skeleton;12;3508;435
sagemath/sagenb;10;4635;117
seiferta/eMonitor;6;3828;21
sepro/MemoBoard;15;3107;35
spiral-project/ihatemoney;13;4921;1162
tetherless-world/whyis;5;3119;52
voxpupuli/puppetboard;61;4049;712
Clarifai/clarifai-python;34;3744;24
Cornices/cornice;36;4705;382
GeotrekCE/Geotrek-admin;351;4133;130
GoogleCloudPlatform/forseti-security;63;2751;1274
MDAnalysis/mdanalysis;30;3435;1276
Mergifyio/mergify-engine;9;2325;319
OpenMined/PySyft;152;2598;9417
PyMySQL/PyMySQL;7;4782;7631
RPing/influx-prompt;8;2329;45
Scitator/catalyst;41;2201;3257
ansible/galaxy;7;3629;850
blaze/distributed;8;3273;1562
cfpb/cfgov-refresh;1586;3788;270
cfpb/wagtail-sharing;27;2788;53
circus-tent/circus;7;4586;1546
clearlinux/autospec;13;3219;100
corteva/geocube;30;1974;331
delfick/photons;76;1518;73
dj-stripe/dj-stripe;70;4042;1597
elifesciences/sciencebeam;11;2626;293
elyra-ai/elyra;18;1772;1823
facebookresearch/detectron2;10;1819;29848
gunthercox/ChatterBot;86;3623;14003
healthchecks/healthchecks;59;3353;7966
httpie/httpie;46;4569;33240
idan/oauthlib;48;4666;2781
infobyte/faraday;85;3949;4797
jazzband/pip-tools;69;4371;7668
lbryio/lbry;282;3297;7193
matrix-org/sydent;24;3671;290
menpo/menpo;34;4141;324
missionpinball/mpf;34;3716;214
mlflow/mlflow;99;2277;18229
mopidy/mopidy;17;5363;8002
mopidy/mopidy-gmusic;13;4074;214
mopidy/mopidy-mpris;14;3978;35
mopidy/mopidy-spotify;27;3977;930
moremoban/moban;61;3137;33
mozilla/addons-server;5;3863;863
mozilla/kitsune;16;5329;1289
mozilla/pontoon;29;4940;1441
mozmeao/snippets-service;95;4136;31
mytardis/mytardis;20;4664;86
nipy/nibabel;40;5152;642
openwisp/openwisp-monitoring;6;1623;161
optuna/optuna;65;2381;10404
pfnet/pfio;37;1955;52
pfnet/pfrl;5;1527;1173
pimoroni/mopidy-raspberry-gpio;5;1785;21
praw-dev/asyncpraw;12;2032;107
pypa/bandersnatch;31;2299;446
pypa/readme_renderer;29;3836;158
pyproj4/pyproj;52;3530;1036
realsuayip/django-sozluk;19;1766;313
rectalogic/mopidy-pandora;13;3536;27
rigetti/grove;8;2807;374
salesforce/django-declarative-apis;18;1875;26
sphinx-doc/sphinx;57;3527;6374
tensorflow/hub;20;2362;3462
tfeldmann/organize;49;2535;2077
torchbox/wagtail;244;3860;17812
unknown-horizons/unknown-horizons;25;5120;1417
zalando-stups/zign;9;3396;12
zalando/connexion;138;3390;4473
LyfeOnEdge/HBUpdater;21;1963;42
cclib/cclib;26;3895;324
jsalt18-sentence-repl/jiant;19;2264;1636
pantsbuild/pants;518;4273;3247
spotdl/spotify-downloader;85;2976;16656
scrapinghub/scrapy-autounit;14;2058;55
sosy-lab/benchexec;60;3485;227
1Prototype1/HexBot;6;1465;107
Nathan-LS/Insight;11;2394;31
ParadoxAlarmInterface/pai;35;2337;347
Roxxers/roxbot;12;2655;21
danieldotnl/hass-multiscrape;11;1483;18
laramies/theHarvester;26;4988;10990
lgrahl/threema-msgapi-sdk-python;17;3446;50
qtumproject/qtum-electrum;46;2551;72
randovania/randovania;124;2548;186
y-young/nazurin;24;1657;260
abrt/faf;6;4227;46
fedora-infra/python-fedora;6;4239;33
jhermann/rituals;5;3481;30
novafloss/django-generic-filters;22;4014;50
onepercentclub/bluebottle;369;3989;11
santoshphilip/eppy;33;4352;151
AppScale/appscale-tools;23;4514;51
Borda/BIRL;6;2862;90
DLR-RM/BlenderProc;6;1785;2710
DMS-Aus/Roam;15;3928;169
StackStorm/st2;70;3781;6020
awslabs/sockeye;76;2639;1210
choderalab/Protons;7;3949;21
dataversioncontrol/dvc;544;2735;13546
epinna/weevely3;12;3631;3147
hammerlab/mhcflurry;28;3349;189
hibtc/cpymad;16;3561;26
metabrainz/picard;77;4761;3679
patacrep/patacrep;6;4163;46
poldracklab/niworkflows;171;2961;86
ros-infrastructure/bloom;6;4480;58
torchbox/django-pattern-library;8;1653;359
borisbabic/browser_cookie3;6;3413;824
ihaveamac/3dsconv;17;3058;506
mkb79/Audible;35;1899;304
255BITS/HyperGAN;7;2987;1194
DiamondLightSource/Savu;23;3578;38
psychopy/psychopy;110;5111;1664
python-microscopy/python-microscopy;39;1736;83
AppScale/appscale;29;4542;2420
Baekalfen/PyBoy;32;3380;4564
Breakthrough/PySceneDetect;33;3739;3094
City-of-Helsinki/respa;19;3380;78
Clinical-Genomics/BALSAMIC;33;2366;44
Cog-Creators/Red-DiscordBot;83;3162;4693
Dan6erbond/aPRAW;18;1831;50
DataDog/dd-trace-py;521;2992;512
ESMValGroup/ESMValCore;50;1913;42
FAForever/server;71;3593;67
GeorgeCiesinski/text-script;6;1701;72
GeoscienceAustralia/PyRate;7;3384;200
GoogleCloudPlatform/terraform-python-testing-helper;36;1988;209
HTTP-APIs/hydrus;15;2816;193
IBM/lale;84;1850;326
JNRowe/pyisbn;10;5607;41
KanoComputing/kano-toolset;51;3830;15
KeepSafe/aiohttp;150;3984;14906
KimiNewt/pyshark;16;3897;2195
LLNL/spack;44;3886;4196
Materials-Consortia/optimade-python-tools;86;2276;64
Mouse-Imaging-Centre/pyminc;14;4548;13
MozillaSecurity/laniakea;8;3564;27
MozillaSecurity/lithium;11;3340;94
NSLS-II/ophyd;13;3585;49
OGGM/oggm;22;3247;215
OP2/PyOP2;116;4460;80
PennyLaneAI/pennylane;58;2326;2253
ProjectQ-Framework/ProjectQ;24;2801;874
QCoDeS/Qcodes;83;3369;320
RunestoneInteractive/RunestoneServer;25;4598;575
SamR1/FitTrackee;81;2706;680
SparkTC/enterprise_gateway;38;2687;616
StellarCN/py-stellar-base;148;3261;342
Telefonica/toolium;63;3235;113
TileDB-Inc/TileDB-Py;140;2658;184
Toblerity/Fiona;23;4625;1143
Toblerity/rtree;13;4820;615
Trusted-AI/adversarial-robustness-toolbox;58;2359;4725
Ultimaker/Uranium;7;3580;322
XKNX/xknx;121;3126;285
acsone/setuptools-odoo;21;3257;41
aio-libs/aiohttp-session;24;3514;236
aio-libs/aioredis;29;3749;2296
akrherz/pyIEM;30;4254;41
albermax/innvestigate;6;2451;1252
alphatwirl/alphatwirl;43;3482;10
amphibian-dev/toad;9;2190;473
ansible-community/ansible-lint;97;4033;3427
ansible/ansible;99;4559;62205
appium/python-client;9;3797;1647
aws/sagemaker-xgboost-container;6;1927;121
awslabs/autogluon;33;1858;7581
beer-garden/beer-garden;66;2399;256
biologyguy/BuddySuite;16;3514;123
biosustain/cameo;33;3809;113
bmoscon/cryptofeed;73;2448;2184
braindecode/braindecode;5;1696;773
brechtm/rinohtype;15;3959;499
bsmurphy/PyKrige;11;3619;751
carpedm20/fbchat;47;3421;1183
chainer/chainer-chemistry;8;2466;628
cobbler/cobbler;42;4678;2592
cobrateam/splinter;14;5093;2710
codeforpdx/recordexpungPDX;73;2148;50
creare-com/podpac;16;2361;43
cylc/cylc;100;4837;326
darcymason/pydicom;29;3955;1870
databricks/koalas;47;2064;3327
dateutil/dateutil;20;3571;2311
davidh-ssec/polar2grid;9;4460;71
dbcli/mssql-cli;9;2512;1352
dhimmel/obonet;6;3392;135
dnouri/skorch;16;2599;5747
dropbox/dropbox-sdk-python;95;3365;930
dstrigl/htheatpump;10;2751;20
duniter/sakia;78;3864;64
edx/edx-lint;33;3500;50
equinor/gordo;218;2150;26
fchollet/keras;70;3442;61517
fitodic/centerline;6;3562;263
flairNLP/flair;26;2271;13790
flashcode/msgcheck;8;4256;12
frgfm/torch-cam;8;1620;1957
gaphor/gaphas;55;5550;164
gaphor/gaphor;64;5544;1815
gatheringhallstudios/MHWorldData;29;2373;147
geopy/geopy;37;5291;4421
getnikola/nikola;80;4520;2596
gijzelaerr/python-snap7;21;3977;642
glotzerlab/signac;14;2037;129
hachmannlab/ChemML;5;2457;159
hugovk/pypistats;29;2168;196
ishepard/pydriller;43;2353;825
jgayfer/pydest;5;2578;70
jhfjhfj1/autokeras;59;2474;9102
joke2k/faker;280;4307;17527
josuebrunel/yahoo-oauth;7;3377;64
k-bx/python-semver;19;4587;461
kbandla/dpkt;11;4467;1084
kenfar/DataGristle;5;4918;135
larq/zoo;58;1946;104
lbl-anp/becquerel;17;2885;43
lingthio/Flask-User;6;3843;1056
lockwooddev/python-wowapi;8;4106;49
mackelab/sbi;31;1661;563
matthewgilbert/pdblp;9;3357;241
microsoft/graspologic;16;2183;754
microsoft/playwright-python;89;1520;11437
mindsdb/mindsdb;241;2219;26113
mit-crpg/openmc;20;4788;742
ml31415/numpy-groupies;14;4108;194
nautechsystems/nautilus_trader;106;2257;1930
nco/pynco;6;3881;91
nengo/nengo;21;4149;814
neo4j/neo4j-python-driver;105;3404;891
nicolewhite/cycli;6;3317;271
nipy/nipype;43;5152;746
ns1/ns1-python;7;2855;25
nvictus/priority-queue-dictionary;7;4503;85
oVirt/vdsm;22;4325;160
ocadotechnology/aimmo;587;3334;116
odlgroup/odl;15;3220;361
openstenoproject/plover;43;4460;2314
opsdroid/opsdroid;50;2958;820
osbuild/osbuild;131;2053;202
pantsbuild/pex;275;3692;2518
paulgavrikov/visualkeras;6;1434;550
photosynthesis-team/photosynthesis.metrics;17;1715;1360
playpauseandstop/rororo;46;4329;105
plotly/dash;70;3429;21102
probabilistic-numerics/probnum;29;1763;431
pydicom/pynetdicom;20;2892;496
pylast/pylast;34;4235;664
pymc-devs/aesara;51;665;324
pymedusa/SickRage;124;3110;1762
python-pillow/Pillow;56;4418;12048
pywbem/pywbem;58;3249;41
pyxem/pyxem;32;3150;147
quark-engine/quark-engine;61;1773;1273
qutip/qutip;28;4342;1669
radomirbosak/duden;17;3234;98
reportportal/agent-Python-RobotFramework;23;2906;59
robotframework/SeleniumLibrary;57;4695;1375
roskakori/pygount;7;4156;154
s3ql/s3ql;31;3335;1065
salu133445/pypianoroll;15;2420;132
scikit-hep/boost-histogram;30;2175;143
scikit-image/scikit-image;32;4801;6009
scrapinghub/shub;37;3727;125
se2p/pynguin;55;1494;1229
sentinel-hub/sentinel2-cloud-detector;12;2411;420
sjkingo/python-freshdesk;19;3529;83
smaniotto/django-nomad;6;2628;92
smarie/python-autoclass;12;2798;36
snipsco/snips-nlu-metrics;15;2604;13
sobolevn/django-split-settings;9;4122;1099
sopel-irc/sopel;72;4634;948
soxofaan/duviz;5;4596;113
stellargraph/stellargraph;25;2330;2931
sunpy/sunpy;139;4772;903
supermihi/pytaglib;12;4751;179
theislab/sfaira;16;1452;134
tomerfiliba/plumbum;10;4507;2798
uber/h3-py;23;2269;805
uber/petastorm;48;2266;1778
usnistgov/pyMCR;8;2451;81
vatlab/SOS;51;3120;271
wavespectra/wavespectra;14;1825;66
weecology/retriever;12;4811;307
wikimedia/cumin;16;2794;24
willcl-ark/lnd_grpc;12;2043;40
williballenthin/python-registry;5;4856;425
wookayin/gpustat;11;3049;3994
xigt/xigt;5;4155;31
ymyzk/python-gyazo;28;3689;19
zapatacomputing/z-quantum-core;15;1598;27
CenterForOpenScience/osf.io;21;4118;665
DIRACGrid/DIRAC;211;4894;111
DataDog/datadogpy;62;3501;608
DataDog/dd-agent;103;4990;1298
Mozilla-TWQA/Hasal;11;3076;30
MrSprigster/Twitch-on-Kodi;56;4463;268
OnToology/OnToology;7;3459;78
OpenCanada/website;15;3380;14
allankp/pytest-testrail;14;3141;95
beebeeep/cacus;11;3265;10
bryantbhowell/tableau_tools;42;2976;215
certbot/certbot;52;3578;31250
ckan/datapusher;7;4308;76
foospidy/HoneyPy;18;3938;457
getsentry/sentry;135;5112;38415
h3llrais3r/Auto-Subliminal;23;3906;42
hfaran/piazza-api;19;3913;185
hypothesis/h;85;4532;2921
ikreymer/pywb;41;3916;1356
internetarchive/openlibrary;107;5782;5062
john-kurkowski/tldextract;7;4933;1826
log2timeline/plaso;48;3642;1686
mgckind/easyaccess;20;3491;15
mixja/cfn-lambda-handler;7;2884;15
mozilla/mozregression;108;5313;172
opentargets/data_pipeline;16;3146;17
openvstorage/framework;70;3326;27
parklab/refinery-platform;36;4662;102
proycon/clam;88;5168;129
pysat/pysat;38;3434;150
scrapinghub/python-scrapinghub;9;4762;202
sethblack/python-seo-analyzer;11;4261;1146
six-pack/Axis-Mundi;7;3407;59
sonata-nfv/son-emu;9;3144;36
splunk/splunk-ansible;63;2177;354
vmware/pyvmomi;28;3912;2202
ENCODE-DCC/encoded;84;4283;110
FCP-INDI/C-PAC;38;4452;62
GeoNode/geonode;42;5201;1426
GoogleCloudPlatform/PerfKitBenchmarker;17;3696;1892
Koed00/django-q;78;3364;1817
Nextdoor/kingpin;24;3669;27
PUNCH-Cyber/stoq-plugins-public;13;3206;71
RaRe-Technologies/smart_open;51;3527;3162
ansible-collections/amazon.aws;62;1660;281
artsy/hokusai;37;2830;92
aws/aws-parallelcluster;89;3761;825
biothings/biothings.api;9;3151;45
buildbot/buildbot;74;5168;5230
celery/kombu;32;5181;2851
cloudtools/stacker;38;3522;711
conda/conda;167;4335;6322
django-ses/django-ses;50;4965;994
edx/edx-ora2;309;3901;61
etianen/django-s3-storage;9;3514;411
jantman/awslimitchecker;33;3372;515
mapproxy/mapproxy;5;4511;546
mapzen/tilequeue;38;3618;46
mgrp/django-distill;16;3417;419
mozilla-services/autopush;90;3464;217
mozilla-services/socorro;192;4754;585
nchammas/flintrock;14;3374;636
ngageoint/scale;39;3207;105
novemberfiveco/s3pypi;32;3074;320
open-craft/opencraft;15;3308;55
openstax/openstax-cms;227;3228;97
sbrunner/tilecloud-chain;75;4360;47
scrapinghub/spidermon;10;3208;526
spotify/luigi;59;4361;17658
spulec/moto;30;4209;7571
tendenci/tendenci;116;5228;487
wamdam/backy2;22;3264;192
xethorn/garcon;31;3538;39
zalando-stups/berry;5;3437;12
zalando-stups/senza;127;3440;96
zulip/zulip;104;3261;21079
Murodese/pynab;9;3986;209
cloudera/ibis;22;3421;4908
psf/black;44;2360;38277
robshakir/pyangbind;10;3415;201
scrapinghub/dateparser;29;3566;2519
securisec/chepy;52;1768;897
vertexproject/synapse;315;3367;348
xxyzz/WordDumb;115;1407;367
ARTFL-Project/PhiloLogic4;62;4209;34
kovidgoyal/calibre;303;4111;19199
SeldonIO/alibi;33;2011;2364
SimonBlanke/hyperactive;31;2128;501
Tobias-Fischer/rt_gene;10;2157;365
beringresearch/ivis;36;2208;327
christianversloot/extra_keras_datasets;31;1694;31
evilsocket/ergo;17;2108;294
google/qkeras;6;1849;532
keras-team/keras-tuner;32;1910;2846
maxpumperla/elephas;10;3304;1573
PMEAL/OpenPNM;39;4052;442
ejeschke/ginga;25;4450;120
igmhub/picca;21;2822;29
jobovy/galpy;20;4734;223
matplotlib/matplotlib;87;4940;19892
nkarasiak/dzetsaka;33;3026;80
numbbo/coco;41;3309;259
ratschlab/spladder;24;3691;103
scikit-learn/scikit-learn;42;5126;59279
scipy/scipy;93;4922;12868
Bookworm-project/BookwormDB;9;4690;84
FORTH-ICS-INSPIRE/artemis;12;2103;302
abe-winter/pg13-py;9;3515;16
checktheroads/hyperglass;27;1940;618
linzhiming0826/sanic-restful;7;1816;21
long2ice/mysql2ch;24;1657;347
materials-data-facility/forge;29;2794;30
zulip/zulip-terminal;7;2378;613
ARMmbed/mbed-cli;43;3071;332
CellProfiler/CellProfiler-Analyst;6;4676;144
CubicERP/cubicerp;5;2789;34
Flexget/Flexget;282;4909;1722
PokemonGoF/PokemonGo-Bot;7;2962;3858
akvo/akvo-rsr;117;5386;39
camptocamp/c2cgeoportal;66;4649;64
debomatic/debomatic;21;3695;24
gwastro/pycbc;157;3467;312
maloep/romcollectionbrowser;8;3416;83
phrawzty/AudioAddict.bundle;9;3776;24
sabnzbd/sabnzbd;223;4767;2233
stamparm/maltrail;61;3555;6302
yomguy/DeeFuzzer;9;4693;143
AllenInstitute/ipfx;6;2454;24
ManageIQ/wrapanapi;69;3285;17
Yelp/Tron;17;5102;340
aiidateam/aiida-core;35;2806;426
beetbox/beets;34;5133;12684
datadotworld/data.world-py;24;2778;101
datalad/datalad;109;3954;520
emc-openstack/vnx-direct-driver;26;3907;18
frappe/erpnext;1402;4831;18773
frappe/frappe;1280;4831;6879
jaraco/wolframalpha;11;3200;148
lxc/pylxd;12;3383;253
mesosphere/marathon-lb;52;3249;449
openatv/enigma2;10;4445;199
pndurette/gTTS;22;3759;2245
rackspace/pyrax;22;4354;237
sanger-pathogens/gff3toembl;5;3620;29
scrapy/w3lib;11;4883;388
wkentaro/gdown;20;3239;4140
yougov/pmxbot;17;3193;26
ARMmbed/yotta;89;3857;164
CloudVE/cloudbridge;15;3272;113
CoreSecurity/pysap;17;3809;215
LibertyAces/BitSwanPump;6;2080;24
SFDO-Tooling/CumulusCI;233;3891;356
Tribler/tribler;141;4203;4763
ansible/awx;64;2661;13825
bargate-project/bargate;29;3791;17
barneygale/quarry;11;3711;532
cowrie/cowrie;19;3397;5086
home-assistant/hassio;435;2725;1712
jpadilla/pyjwt;37;4934;5061
log2timeline/dfvfs;18;3642;201
offu/WeRoBot;28;4229;4563
ojarva/python-sshpubkeys;7;3542;100
paterva/maltego-trx;10;2277;215
phaethon/kamene;19;3500;863
privacyidea/privacyidea;43;3740;1469
reviewboard/reviewboard;9;5485;1555
secdev/scapy;13;3255;10500
thinkst/opencanary;6;3312;2269
twisted/twisted;32;4807;5540
Abjad/abjad;29;3957;237
PyMySQL/mysqlclient;13;3776;2441
Thermondo/pytest-translations;5;3529;17
aibasel/pyperplan;6;1659;90
diofant/diofant;8;3476;69
edgedb/edgedb;26;2617;12894
pytest-dev/pytest;72;3362;11824
tarbell-project/tarbell;6;4259;166
translate/translate;74;4545;838
IdentityPython/pysaml2;51;4480;556
NervanaSystems/neon;32;3605;3869
ceholden/yatsm;13;3738;63
copier-org/copier;42;4685;1894
csirtgadgets/bearded-avenger;42;3632;180
inducer/pycuda;8;4894;1813
ionrock/cachecontrol;6;4090;467
jasonlaska/skggm;6;3001;238
Chavithra/degiro-connector;11;1486;210
Rhinik/vkquick;26;1573;70
eversum/galacteek;58;2112;169
hsahovic/poke-env;50;1850;290
sumeshi/evtx2es;6;1790;80
terraform-compliance/cli;179;2706;1343
panoptes/POCS;9;3983;77
BjornFJohansson/pydna;16;3494;162
ClusterLabs/crmsh;18;3816;130
DIYBookScanner/spreads;8;4091;125
Galvant/InstrumentKit;15;4138;244
HERA-Team/pyuvdata;39;3236;82
MasterOdin/pylint_runner;9;3451;19
ReproNim/niceman;8;3045;24
SALib/SALib;33;4109;864
StingraySoftware/stingray;11;3256;170
Thor77/TeamspeakStats;14;3335;18
ajdawson/eofs;6;4185;198
ajdawson/windspharm;6;4454;82
alkaline-ml/pmdarima;44;2709;1569
amzn/ion-python;17;3065;259
apple/coremltools;39;2617;4301
bashtage/arch;47;3653;1311
bbangert/beaker;9;4701;516
biocore/scikit-bio;24;3912;877
bodbdigr/restea;6;3452;9
bodono/scs-python;5;2501;40
cdent/paste;6;2137;59
chainer/chainermn;7;2767;207
cihologramas/pyoptools;7;3432;136
dib-lab/khmer;14;4489;747
diyan/pywinrm;10;4437;1054
django-oscar/django-oscar;8;5012;6214
edickie/ciftify;22;2919;111
frictionlessdata/datapackage-py;76;3237;191
gcovr/gcovr;12;4124;853
geopandas/geopandas;36;4081;4421
histrio/py-couchdb;5;4243;114
ianlini/flatten-dict;10;2814;174
iotile/coretools;105;2836;14
juhasch/PhysicalQuantities;15;3786;21
jupyter-server/jupyter_server;123;2899;479
jupyter/nbconvert;52;3430;1708
kotfu/tomcat-manager;14;4256;115
landlab/landlab;9;3765;349
linkcheck/linkchecker;9;2767;867
lmfit/lmfit-py;37;4777;1051
luispedro/mahotas;6;5324;837
markokr/rarfile;5;4692;244
mwaskom/seaborn;37;4455;12355
nccgroup/ScoutSuite;35;2130;6567
networkx/networkx;56;5106;14655
nilearn/nilearn;11;4981;1157
oemof/oemof-solph;37;3201;293
pierrepo/PBxplore;5;4094;28
plotly/plotly.py;85;3934;15940
pvlib/pvlib-python;43;3481;1155
pydata/pandas-gbq;40;2759;437
pymssql/pymssql;17;4007;832
python-visualization/folium;28;4130;6832
qtile/qtile;21;5843;4754
rasbt/mlxtend;29;3668;4855
sckott/pygbif;11;3529;106
statsmodels/statsmodels;27;4827;9946
tqdm/tqdm;128;3375;28247
uber/vertica-python;69;4040;378
witten/atticmatic;123;3571;1714
AdCombo/flask-combo-jsonapi;8;1676;32
MediaBrowser/MediaBrowser.Kodi;66;3962;46
getsentry/raven-python;10;4711;1678
gmr/consulate;5;3773;342
jrnl-org/jrnl;47;4536;6424
karlproject/karl;22;4770;48
matrix-org/synapse;527;3671;11782
mirnylab/cooler;44;3151;200
mozilla/amo-validator;12;4926;61
pyecharts/pyecharts;5;2625;14733
whamcloud/integrated-manager-for-lustre;35;2684;71
CAMBI-tech/BciPy;9;2284;124
JonathanVusich/pcpartpicker;15;2127;84
Netflix/consoleme;27;1751;3102
delira-dev/delira;8;2088;220
jgrss/geowombat;57;2001;183
josiah-wolf-oberholtzer/supriya;38;3829;246
libAtoms/matscipy;22;3691;171
open-mmlab/mmcv;62;2199;5800
plangrid/flask-rebar;9;2376;231
ploigos/ploigos-step-runner;16;1570;20
sodafoundation/delfin;33;1603;202
vsergeev/u-msgpack-python;13;3987;253
zach401/acnportal;7;2289;74
AlexandreDecan/sismic;20;3195;140
Anaconda-Platform/anaconda-client;52;4172;145
BerkeleyAutomation/autolab_core;6;2873;80
EducationalTestingService/skll;71;4045;550
FOSSEE/online_test;26;4678;298
FederatedAI/FATE;51;2044;5633
Felienne/hedy;12;1725;1292
HPInc/ml-git;8;1492;33
NLeSC/scriptcwl;13;2878;40
NVIDIA/NeMo;49;1850;11381
Parsely/streamparse;46;3771;1493
Prototype-X/Zabbix-Network-Weathermap;6;3064;88
Quansight/qhub;108;1608;274
RasaHQ/rasa;253;2876;18556
SubstraFoundation/distributed-learning-contributivity;5;1826;56
afourmy/e-napalm;60;2517;809
andreoliwa/nitpick;53;2351;393
center-for-threat-informed-defense/adversary_emulation_library;5;1583;1644
coala/coala-bears;14;3119;295
common-workflow-language/python-cwlgen;8;2775;29
conda-incubator/grayskull;71;1696;311
cookiecutter/cookiecutter;29;4064;22234
demisto/demisto-sdk;210;1761;70
exosite/exoline;6;4089;14
getpopper/popper;20;3253;301
gschivley/PowerGenome;18;1869;197
home-assistant-ecosystem/home-assistant-cli;19;2955;431
homebysix/pre-commit-macadmin;39;2009;63
jwplayer/buildpipe-buildkite-plugin;12;2399;91
lykius/hesiod;9;1377;20
materialsproject/custodian;30;4224;135
materialsproject/pymatgen;287;4694;1467
pr-omethe-us/PyKED;12;2933;15
pre-commit/pre-commit-hooks;34;3822;5170
rabobank-cdc/DeTTACT;24;1980;2032
saturncloud/prefect-saturn;14;1518;16
solus-project/ypkg;15;3476;56
tjhowse/modbus4mqtt;14;1521;75
xoxys/ansible-doctor;78;1787;122
Akuli/porcupine;39;2756;154
BlueBrain/NeuroM;64;3408;101
C0D3D3V/Moodle-Downloader-2;68;1715;411
CLIMADA-project/climada_python;36;2463;296
ComplianceAsCode/auditree-framework;50;1583;59
Donders-Institute/bidscoin;40;2324;129
H-uru/korman;21;4448;35
HyperLink-Technology/brownie;129;2127;2636
JohnDoenut/biopeaks;12;2010;62
JonnyHaystack/i3-resurrect;15;1901;366
Kanjirito/simple-manga-downloader;32;1893;30
Kozea/tinycss2;15;4139;159
Kuifje02/vrpy;6;1613;174
LCA-ActivityBrowser/activity-browser;37;2689;140
MouseLand/suite2p;14;2236;343
PyCQA/pylint;93;3186;5234
RuedigerVoigt/exoskeleton;27;1772;21
StochSS/GillesPy2;39;2536;71
The-Compiler/qutebrowser;90;3717;9566
aaugustin/websockets;40;4170;5118
alphatwirl/atpbar;29;2020;93
ashnair1/COCO-Assistant;7;1918;91
bonjorno7/SourceOps;29;2064;141
bpython/bpython;18;3708;2609
brainix/pottery;51;3368;1058
earthobservations/wetterdienst;129;2091;349
encode/uvicorn;54;2647;8286
equinor/ecl2df;40;1935;28
ethereum/viper;48;2848;4833
freqtrade/freqtrade;87;2660;27908
gbouvignies/chemex;21;3958;27
gretelai/gretel-synthetics;61;1641;573
ipython/ipython;29;5225;16230
irmen/Tale;29;4073;143
jina-ai/jina;294;1659;20833
miurahr/py7zr;123;1992;448
mopidy/mopidy-local;8;1852;61
novafloss/workalendar;91;3935;902
nschloe/meshio;81;3215;1897
packit-service/packit;133;2123;135
pomo-mondreganto/ForcAD;16;1980;146
project-alice-assistant/ProjectAlice;10;1893;693
pyre/pyre;21;3020;26
rlaPHOENiX/pvsfunc;20;1701;24
scidash/sciunit;9;4650;48
scikit-hep/pyhf;39;2409;279
shyamd/mkdocs-bibtex;53;1919;72
snipsco/snips-nlu;58;2759;3885
spraakbanken/sparv-pipeline;8;2533;25
tophat/syrupy;107;1775;508
user-cont/release-bot;21;2388;56
yasoob/youtube-dl-GUI;6;3854;205
zeromq/pyzmq;18;5153;3645
Microsoft/ptvsd;51;2456;548
gem/oq-engine;68;5176;377
joerick/pyinstrument;7;3822;6409
AlexAplin/nndownload;21;2808;220
PythonistaGuild/Wavelink;73;2064;390
Terbau/fortnitepy;19;1872;147
kijk2869/discodo;54;1531;41
miguelgrinberg/python-engineio;131;3356;231
timkpaine/tributary;14;2182;437
DRMacIver/hypothesis;671;4190;7482
OpenPrinting/system-config-printer;10;3401;160
PyThaiNLP/pythainlp;117;2989;957
RabadanLab/arcasHLA;8;2131;113
aiven/karapace;59;2060;447
choderalab/perses;22;3566;179
douglasrizzo/catsim;9;3391;123
eLvErDe/nicotine-plus;51;4034;1658
fossasia/pslab;14;3002;1624
frescobaldi/frescobaldi;20;4962;735
gpilab/framework;19;3489;20
h5py/h5py;36;4360;2065
jamesoff/simplemonitor;11;4048;404
korcankaraokcu/PINCE;5;3114;2032
maximumstock/poe-currency-flip-planner;18;2416;96
nedbat/coveragepy;138;2259;2952
sephii/taxi;7;4398;41
sharkwouter/minigalaxy;16;2069;1100
yaph/geonamescache;7;4488;98
C4ptainCrunch/ics.py;9;3961;632
IBM/MAX-Image-Caption-Generator;5;2364;84
benbusby/whoogle-search;29;1681;9280
osuosl/ganeti_webmgr;7;4380;64
python-bugzilla/python-bugzilla;6;3387;121
sentinelsat/sentinelsat;13;3386;972
tasmota/decode-config;36;1744;210
upstox/upstox-python;11;2631;125
ApacheInfra/superset;205;3327;61444
lucyparsons/OpenOversight;29;3066;235
CouchPotato/CouchPotatoServer;15;4953;3872
Externoak/A32NX-installer;10;1435;34
RDFLib/rdflib;13;4591;2135
add-ons/plugin.video.vrt.nu;69;2748;110
arthurazs/dotapatch;16;2887;11
balloob/pychromecast;98;3984;2517
emilsvennesson/script.module.inputstreamhelper;33;2542;133
hhursev/recipe-scraper;147;3272;1667
jrkerns/pylinac;18;3608;149
lalitpagaria/obsei;14;1403;1193
mozilla/code-coverage;50;1879;27
mpvqc/mpvQC;8;3130;49
obspy/obspy;24;4373;1140
piqueserver/piqueserver;11;2801;209
sendgrid/sendgrid-python;107;4569;1529
soimort/you-get;122;4392;49859
sony/nnabla-examples;48;2488;304
twu/skjold;18;1677;64
achillean/shodan-python;27;5105;2460
bugsnag/bugsnag-python;36;4416;84
editorsnotes/editorsnotes-server;10;5354;23
elastic/apm-agent-python;100;2604;407
epsagon/epsagon-python;307;2160;55
ewels/MultiQC;41;3313;1194
fedora-infra/fedmsg;13;4592;170
galaxyproject/pulsar;7;3723;37
google/transitfeed;30;3636;678
hydroshare/hydroshare;192;3619;178
learningequality/ka-lite;25;4371;456
metomi/rose;78;4336;55
mozilla/balrog;125;4704;98
numenta/nupic;47;4163;6330
sympy/sympy-live;8;5035;115
tableau/TabPy;21;2892;1546
thombashi/tcconfig;82;3147;786
unt-libraries/django-premis-event-service;6;3857;14
hangoutsbot/hangoutsbot;37;3509;572
AppThreat/vulnerability-db;119;1683;86
piccolo-orm/piccolo;159;2132;1376
ArduPilot/MAVProxy;12;4502;451
ganeti/ganeti;7;3608;489
AresValley/Artemis;6;1978;349
Tautulli/Tautulli;224;3476;5526
TracyWebTech/django-revproxy;21;4032;300
affjljoo3581/canrevan;23;1551;89
cloudinary/pycloudinary;46;4501;251
edmorley/newrelic-python-agent;68;3212;173
mdmintz/SeleniumBase;950;3830;4810
nasa/apod-api;9;3193;807
transifex/transifex-client;22;4532;135
libstorage/libstoragemgmt;40;3453;82
CloudBotIRC/CloudBot;11;3775;273
DaveMDS/epymc;8;3928;32
Diaoul/subliminal;14;4804;2385
Edraak/edx-platform;71;3658;13
OddBloke/sphinx-git;6;4434;63
aag/apple_trailer_downloader;6;4625;23
cms-dev/cms;12;4714;885
duckduckgo/zeroclickinfo-fathead;6;4804;316
fabiocaccamo/django-freeze;7;3241;93
lakewik/EasyStorj;17;2720;74
lorien/grab;5;4138;2382
steeve/xbmctorrent;15;4029;388
stephenmcd/mezzanine;9;5206;4753
the-virtual-brain/tvb-framework;5;4172;41
Axelrod-Python/Axelrod;94;3480;719
Hiroshiba/pytorch-trainer;8;1719;45
mozilla/OpenWPM;35;3733;1330
aertslab/pySCENIC;47;2367;414
schlegelp/navis;26;2039;78
tensorflow/quantum;10;1666;1777
python-beaver/python-beaver;13;4418;554
BigBrotherBot/big-brother-bot;13;5728;146
Hugovdberg/PIconnect;17;2474;84
Jahaja/psdash;10;3851;2417
PythonCharmers/python-future;7;4064;1171
SatelliteQE/robottelo;63;4522;61
StingraySoftware/HENDRICS;8;2628;23
Toblerity/Shapely;21;4625;3816
autotest/autotest-docker;9;3817;25
beaker-project/beaker;14;5085;78
carlosescri/DottedDict;6;3828;187
casacore/python-casacore;19;3768;36
celery/celery;50;5606;24339
codecov/codecov-python;6;3676;184
dimagi/jsonobject;7;4080;233
django-haystack/django-haystack;15;5690;3582
dw/mitogen;7;2937;2302
elastic/elasticsearch-py;79;4137;4202
enthought/chaco;10;4962;292
epsy/sigtools;7;3987;16
eve-val/evelink;10;4425;91
galaxyproject/bioblend;15;4468;85
google/apitools;10;3486;133
google/google-api-python-client;200;3885;7637
google/oauth2client;18;3948;796
goshippo/shippo-python-client;7;3668;123
haypo/perf;11;3011;776
iconfinder/pyvat;17;4167;64
jorisroovers/gitlint;30;3283;803
mathics/Mathics;15;4951;2072
pajbot/pajbot;33;3363;289
pulp/pulp_docker;6;3804;23
pydata/xarray;94;3986;3545
pyinstaller/pyinstaller;67;4663;11660
qubole/qds-sdk-py;60;4104;51
redhat-performance/tuned;33;2933;797
robotools/fontParts;46;3102;132
rollbar/pyrollbar;43;4399;213
scalyr/scalyr-agent-2;108;3641;70
scikit-learn-contrib/categorical-encoding;16;3196;2394
sciunto-org/python-bibtexparser;9;4253;467
simphony/osp-core;23;1529;16
slimta/python-slimta;14;4279;171
sookasa/box.py;8;3967;43
splunk/splunk-sdk-python;23;4910;686
stripe/stripe-python;291;4814;1635
sunscrapers/djoser;23;3621;2512
tweepy/tweepy;31;5533;10428
uw-it-aca/myuw;297;3564;13
yaybu/yaybu;7;4946;17
zmwangx/storyboard;9;3489;28
Azure/aztk;15;2648;150
CoreSecurity/impacket;13;3424;13226
GetStream/stream-python;13;3747;142
IdentityPython/SATOSA;49;3284;195
IdentityPython/pyjwkest;16;4348;92
Keeper-Security/Commander;156;3285;184
LaunchKey/launchkey-python;18;4076;20
LedgerHQ/blue-loader-python;6;3061;120
OpenIDC/pyoidc;32;4676;709
ct-Open-Source/tuya-convert;9;2052;4572
darknessomi/musicbox;12;3677;9802
edx/edx-proctoring;264;3370;56
edx/xblock-lti-consumer;104;3216;27
etingof/pysnmp;20;3108;575
flobz/psa_car_controller;20;1383;401
freedomofpress/securedrop;49;4614;3597
inquisb/keimpx;6;4447;255
jaraco/keyrings.alt;12;3150;24
koldinger/Tardis;40;3882;59
mikelolasagasti/revelation;7;4634;56
nmantani/FileInsight-plugins;29;4376;155
nuxeo/nuxeo-drive;85;4472;67
obsidianforensics/hindsight;11;3752;1056
pyload/pyload;17;4218;3273
snowflakedb/snowflake-connector-python;106;2982;574
thumbor/thumbor;130;4915;10007
tintinweb/scapy-ssl_tls;11;3719;417
Azure/azure-sdk-for-python;3604;4510;4438
felix-hilden/tekore;47;1844;204
willforde/script.module.codequick;13;3083;33
BD2KGenomics/toil;53;3439;892
openstack/cloudbase-init;7;3626;420
PaddlePaddle/PaddleSlim;9;1718;1551
PyLops/pylops;29;2120;416
hyperspy/hyperspy;42;4759;505
invesalius/invesalius3;19;4320;610
rochefort-lab/fissa;10;3226;29
rbw/aiosnow;16;1755;74
Battleman/zoomdl;23;1616;340
jjjake/internetarchive;47;4397;1576
pypa/twine;12;4034;1583
Jhsmit/ColiCoords;7;2648;26
JohnKendrick/PDielec;27;3208;13
czheo/syntax_sugar_python;16;2777;739
huggingface/nlp;89;1617;18921
hsoft/dupeguru;8;4086;5195
Boltgolt/howdy;11;2428;5678
JrGoodle/clowder;40;3350;12
skyzh/canvas_grab;36;1642;208
Braedon/prometheus-es-exporter;26;3149;245
DataDog/apigentools;9;1888;39
DataDog/riot;32;1514;23
GreyNoise-Intelligence/pygreynoise;15;2456;149
Stratoscale/skipper;47;2934;46
Yubico/yubioath-desktop;42;3845;974
ansible-community/molecule;74;3207;3857
fedora-python/pyp2rpm;12;3335;127
fitnr/svgis;11;3368;84
getpatchwork/git-pw;28;3230;33
globus/globus-cli;59;3096;75
godaddy/tartufo;44;1757;457
googlesamples/assistant-sdk-python;12;2682;916
hnicke/sodalite;81;2551;18
indico/indico;61;4782;1722
klensy/wt-tools;14;3539;127
kxr/o-must-gather;11;1543;160
networktocode/network-importer;17;1795;167
sonatype-nexus-community/jake;31;1784;110
tony/vcspull;38;3994;205
trhallam/segysak;26;1868;95
vals/umis;17;3360;128
Brobin/drf-generators;17;3432;347
rockstor/rockstor-core;109;4168;550
jazzband/django-constance;5;5092;1687
Miserlou/Zappa;6;3143;11884
mixpanel/mixpanel-python;12;4089;103
dagster-io/dagster;321;2313;11056
CBIIT/nci-webtools-dceg-linkage;46;3506;21
kkrypt0nn/Python-Discord-Bot-Template;36;2011;883
leeping/forcebalance;21;4068;144
CTPUG/pygame_cffi;5;3919;57
NicholasMamo/multiplex-plot;9;1718;107
mongodb/mongo-python-driver;37;5705;4108
thenetcircle/dino;19;2886;137
GoogleCloudPlatform/gcloud-python;2695;3866;4779
OCA/connector;10;3726;337
RaRe-Technologies/gensim;43;4949;15536
XLSForm/pyxform;44;3656;78
asciimoo/searx;15;3971;13352
botify-labs/python-simple-workflow;12;4173;18
gorakhargosh/watchdog;37;5059;6462
kura/blackhole;15;4420;61
projectcalico/felix;246;3717;921
pytroll/pyresample;34;3634;344
seandst/cfn-pyplates;20;4146;51
smarkets/smk_python_sdk;13;4759;18
testing-cabal/testtools;5;4235;94
torchbox/Willow;28;3590;272
CartoDB/carto-python;11;4882;154
alexis-mignon/python-flickr-api;8;4537;366
ryanmcgrath/twython;5;5628;1852
CastXML/pygccxml;32;3761;130
JBKahn/flake8-print;13;3713;119
PyCQA/flake8-bugbear;51;3088;1053
PyCQA/prospector;53;4042;1932
caleb531/youversion-suggest;87;3839;56
cyberbotics/urdf2webots;23;2247;128
echronos/echronos;37;3310;171
harrystech/arthur-redshift-etl;82;2572;25
hhatto/autopep8;29;4991;4558
nathan-v/aws_okta_keyman;24;2366;59
seatgeek/fuzzywuzzy;23;4801;9206
theochem/horton;10;4785;92
apache/incubator-tvm;18;2877;11564
craffel/mir_eval;7;4041;596
ansible-collections/community.aws;48;1639;186
scrapy/scrapy;38;5302;52215
GoekeLab/xpore;9;1697;132
Kinto/kinto;168;3473;4315
SaidBySolo/neispy;8;1587;63
VOLTTRON/volttron;34;3948;454
Yelp/paasta;259;3229;1681
deepmind/kapitan;117;2516;1796
ilius/starcal;26;4918;153
miku/siskin;5;3720;21
palantir/python-jsonrpc-server;13;2296;83
palantir/python-language-server;80;2785;2603
snarfed/granary;31;4567;432
snarfed/oauth-dropins;25;3982;35
tilezen/tileserver;14;3333;79
zhongbiaodev/py-mysql-elasticsearch-sync;6;3182;177
bcbio/bcbio-nextgen;14;4222;984
JohannesBuchner/BXA;8;3863;54
LinkedEarth/Pyleoclim_util;28;3018;84
NCI-GDC/gdc-client;13;3312;143
PLOS/allofplos;6;2534;60
PyPSA/atlite;13;2855;263
mordred-descriptor/mordred;16;3164;351
redkyn/assigner;12;3159;27
ChristianTremblay/pyhaystack;8;3153;73
wazuh/wazuh-splunk;214;2654;48
smetj/wishbone;6;4517;42
CounterpartyXCP/counterblock;9;3874;16
softlayer/softlayer-python;63;5243;152
CleanCut/green;50;3802;791
ankitects/anki;57;4269;18191
ipython/traitlets;23;3918;612
miketeo/pysmb;32;3762;337
ninuxorg/netdiff;24;3581;78
ClimbsRocks/auto_ml;12;2943;1641
ContextLab/hypertools;21;2892;1815
OpenTrons/opentrons-api;168;3341;411
geophile/marcel;40;1647;335
jajcayn/pygpso;10;1674;19
rhayes777/PyAutoFit;15;2111;59
saezlab/pypath;27;3466;132
voxel51/eta;32;2520;29
azavea/keras-semantic-segmentation;22;2765;2046
gammapy/gammapy;5;4124;223
quantumblacklabs/kedro;53;1960;9802
replit/replit-py;13;1494;157
TankerHQ/tbump;36;2457;155
TankerHQ/tsrc;44;2596;206
rafalp/Misago;70;4451;2518
DataBiosphere/dsub;43;2743;262
DataDog/integrations-core;27;3194;907
RIPE-NCC/ripe.atlas.sagan;12;3776;47
moepman/acertmgr;11;3154;25
pallets/werkzeug;43;5064;6616
capitalone/cloud-custodian;73;3103;5341
chanzuckerberg/miniwdl;73;2210;171
projectsyn/commodore;79;1717;46
quiltdata/quilt-compiler;52;2757;1322
spdx/tools-python;15;3446;177
mlspec/mlspec-lib;5;1622;12
datreant/datreant.core;6;3332;32
pypeclub/pype;113;1993;284
UNINETT/nav;58;2781;179
FeeiCN/cobra;28;3058;3138
pinterest/snappass;8;3980;829
DDMAL/Rodan;23;4775;46
evernote/zing;37;2892;59
NERSC/pytokio;11;2666;21
bcgsc/mavis;49;2463;72
brigade-automation/brigade;26;2813;1374
etal/cnvkit;42;3705;538
jazzband/collectfast;25;4125;417
miurahr/aqtinstall;115;2007;910
usnistgov/ActEV_Scorer;17;2387;41
Yubico/python-u2flib-host;6;3850;48
csaez/quicklauncher;6;4081;72
enthought/apptools;6;4962;37
fedora-infra/the-new-hotness;26;3613;42
joblib/joblib;5;5228;3804
adbar/trafilatura;37;1970;3375
crate/crate-python;19;4019;79
cubewise-code/TM1py;30;3238;185
getsentry/snuba;81;2372;334
jlafon/PynamoDB;64;3874;2429
launchdarkly/python-client;105;3676;38
newrelic/newrelic-telemetry-sdk-python;14;1962;33
openeventstack/pretalx;31;2742;701
stratosphereips/StratosphereLinuxIPS;22;3187;685
wtolson/gnsq;6;3705;100
zalando/patroni;61;3340;6550
DataDog/datadog-serverless-functions;117;3177;335
snowflakedb/snowflake-ingest-python;9;2884;56
MindscapeHQ/raygun4py;27;4208;19
PyGithub/PyGithub;45;4569;6881
dpla/ingestion;25;4362;24
google/openhtf;14;3289;522
haiwen/seafdav;233;3757;83
metaodi/osmapi;38;3893;210
mwclient/mwclient;18;4294;313
OpenShot/openshot-qt;24;3377;4225
googleapis/python-bigquery;109;1724;727
googleapis/python-datastore;56;1665;79
googleapis/python-logging;54;1724;124
googleapis/python-pubsub;116;1724;384
googleapis/python-storage;54;1724;435
onaio/onadata;218;3999;182
pyxnat/pyxnat;7;5126;71
rfverbruggen/rachiopy;9;3321;25
smartsheet-platform/smartsheet-python-sdk;26;3521;135
twilio/twilio-python;225;5462;1828
automicus/PyISY;49;3839;16
SciLifeLab/CAW;17;3088;132
beat-machine/beat-machine;5;2078;40
certego/IntelOwl;67;1703;3712
flomotlik/formica;7;2788;63
hedythedev/starcli;45;1539;549
machinable-org/machinable;68;1744;34
mlf-core/mlf-core;32;1489;46
neurostuff/NiMARE;45;2417;177
pappasam/jedi-language-server;108;1837;584
pierogis/pierogis;6;1389;118
spectacles-ci/spectacles;50;1941;214
titusz/onixcheck;6;3330;22
DeepSpace2/StyleFrame;38;3293;367
datarobot/batch-scoring;21;3144;33
inishchith/em-keyboard;23;3094;308
jdowner/gist;6;3482;163
rohbotics/pifi;10;2742;44
DefectDojo/django-DefectDojo;194;3479;3579
TUW-GEO/ascat;25;2970;22
raphaelvallat/pingouin;39;2342;1591
SasView/sasview;37;3489;48
Exa-Networks/exabgp;62;4020;2064
Grokzen/pykwalify;21;4242;291
Grokzen/redis-py-cluster;19;4118;1095
SteveDoyle2/pyNastran;12;3458;382
aashutoshrathi/git-stalk-cli;7;2288;43
jhauberg/cards.py;15;3233;32
pegler/pytzwhere;5;4387;145
unixsurfer/anycast_healthchecker;13;3336;169
JoinMarket-Org/joinmarket;6;3551;398
kennethjiang/OctoPrint-Anywhere;69;2678;64
DocNow/twarc;131;4245;1362
YuvrajRaghuvanshiS/WhatsApp-Key-Database-Extractor;5;1379;459
bird-house/flyingpigeon;12;3648;19
erdogant/findpeaks;39;1581;228
noaa-oar-arl/MONET;14;2857;43
DonJayamanne/pythonVSCode;51;3145;2082
desihub/desispec;22;3586;35
EI-CoreBioinformatics/mikado;86;3286;91
Opentopic/falcon-api;35;2714;8
mikeqfu/pydriosm;17;2652;47
murthylab/sleap;109;2003;421
EPAENERGYSTAR/epathermostat;9;2772;16
Microsoft/fairlearn;14;2298;1886
NCATS-Tangerine/kgx;51;2319;114
arviz-devs/arviz;37;3319;1578
neurodata/brainlit;6;1671;26
neuropoly/spinalcordtoolbox;69;3743;196
sci-wms/sci-wms;8;3471;46
ticketfrei/ticketfrei;14;2629;21
ReactionMechanismGenerator/RMG-Py;22;5437;381
jedie/DragonPy;7;4018;44
pytube/pytube;31;4547;12032
robotframework/RIDE;31;4720;957
FairwindsOps/reckoner;56;2102;338
ungarj/mapchete;78;3326;193
FeatureLabs/nlp_primitives;31;1865;37
google/TensorNetwork;18;1952;1802
Fizzadar/pyinfra;103;3602;3804
major/supernova;8;4519;86
bashwork/pymodbus;75;4651;2217
castelao/seabird;5;4359;47
marcy-terui/lamvery;10;3213;92
tern-tools/tern;23;2466;953
FrodeSolheim/fs-uae-launcher;9;3819;61
keylime/keylime;61;2871;412
smarthomeNG/plugins;23;2819;45
tus/tus-py-client;13;2904;166
GNS3/gns3-server;196;3990;780
hfaran/Tornado-JSON;22;3916;273
pytest-dev/pytest-mock;39;3696;1815
tilgovi/pyramid-oauthlib;7;3683;31
GalSim-developers/GalSim;22;4572;223
hubo1016/vlcp;24;3285;225
uploadcare/pyuploadcare;39;4764;126
GaretJax/django-click;10;3275;245
coddingtonbear/django-measurement;8;4245;145
jazzband/sorl-thumbnail;7;5039;1731
ctxis/django-admin-view-permission;19;3012;151
GenericMappingTools/pygmt;18;2721;744
automl/SMAC3;44;2934;1060
stormpath/stormpath-documentation;24;3300;12
tardis-sn/tardis;155;4648;198
wmayner/pyphi;30;3796;372
NagiosEnterprises/ncpa;32;3878;176
blue-yonder/pyscaffold;26;3802;2068
reingart/pyafipws;7;4047;284
zalando/spilo;29;3422;1524
deepchem/deepchem;20;3261;5367
jensengroup/propka;5;4320;256
lsst/sims_maf;12;3412;13
mirnylab/cooltools;19;2748;132
rhiever/tpot;30;3221;9647
ROGUE-JCTD/rogue_geonode;5;4105;12
biocore/qiita;28;3990;120
evansde77/cirrus;88;3826;14
google/capirca;9;3313;767
jmcgeheeiv/pyfakefs;61;3454;641
Swimlane/swimlane-python;65;3156;32
hikari-py/hikari;64;1475;801
GovReady/govready-q;29;3044;179
GrumpyNounours/PySeidon;6;3720;15
SynBioDex/pySBOL;7;3109;25
bethgelab/foolbox;59;2633;2711
ni/nimi-python;31;2666;112
IDSIA/sacred;14;3804;4204
OasisLMF/OasisLMF;134;2418;124
greedo/python-xbrl;5;3678;219
rmjarvis/TreeCorr;12;3691;98
romanvm/script.module.simpleplugin;38;3288;27
vit-project/vit;13;2918;481
snapcore/snapcraft;155;3227;1175
sphinx-contrib/sphinxcontrib-versioning;11;2999;125
wh1te909/tacticalrmm;150;1772;3040
allenai/pybart;40;1746;37
bioinform/somaticseq;58;3430;191
intentionet/netconan;21;2464;145
pyparallel/pyparallel;6;3323;581
PyO3/setuptools-rust;49;2730;590
creativeprojects/resticprofile;45;1906;662
HelloZeroNet/ZeroNet;22;3517;18298
Yubico/yubikey-manager;39;2978;855
rackerlabs/scantron;45;2201;738
nlgranger/SeqTools;8;2625;48
IN-CORE/pyincore;90;1714;24
mjs7231/python-plexapi;53;3531;1125
IQTLabs/poseidon;105;3033;416
chdsbd/kodiak;58;1960;1035
iotaledger/iota.py;33;2832;345
jadchaar/SEC-EDGAR-Downloader;22;2078;476
thebigmunch/google-music;14;2140;16
triaxtec/openapi-python-client;79;1657;1244
IdentityPython/pyop;20;2921;87
SeitaBV/flexmeasures;49;1364;142
StackIQ/stacki;43;3397;234
MycroftAI/adapt;15;3278;712
cisco-ie/cisco-gnmi-python;14;2262;40
dropbox/groupy;5;3643;10
facetoe/zenpy;23;3490;339
fizyr/keras-retinanet;6;2572;4372
google/pyu2f;6;2766;82
jollychang/robotframework-appiumlibrary;17;3751;396
romanvm/script.module.pyxbmct;9;3724;46
twidi/django-extended-choices;13;4883;82
Syndace/python-omemo;20;2525;41
neithere/argh;24;4027;369
tBuLi/symfit;24;3637;233
adafruit/Adafruit_Blinka_bleio;27;1657;56
aws/aws-encryption-sdk-cli;12;2765;80
eventbrite/eventbrite-sdk-python;6;3556;1
mollie/mollie-api-python;66;3754;113
robotframework/robotframework;81;3716;9584
tenable/pyTenable;19;2445;340
zaibacu/rita-dsl;8;1881;65
Jenyay/outwiker;54;4118;271
agronholm/anyio;5;2201;1730
pykickstart/pykickstart;23;3608;232
SanPen/GridCal;24;3151;404
catalystneuro/nwb-conversion-tools;11;1861;25
elbakramer/koapy;15;1441;196
firstlookmedia/dangerzone;18;1696;3457
firstlookmedia/gpgsync;11;3121;343
micahflee/onionshare;34;3753;6202
pypeit/PypeIt;24;3372;158
calliope-project/calliope;26;3998;285
meanmedianmoge/zoia_lib;7;1656;137
inferno-pytorch/inferno;9;2640;244
magenta/magenta;48;3037;19070
KevinMusgrave/pytorch-metric-learning;50;1772;5933
geometalab/osmaxx;20;3520;26
Kozea/WeasyPrint;73;4769;7014
KwanLab/Autometa;13;1745;40
calum-chamberlain/EQcorrscan;36;3389;164
cdqa-suite/cdQA;5;2054;614
sncosmo/sncosmo;21;4290;70
weaverba137/pydl;19;4194;28
PyBossa/pybossa;62;4666;741
inspirehep/inspire-next;138;3909;59
asyml/forte;11;1847;239
kipoi/models;49;2542;162
LedFx/LedFx;34;1350;1295
aleph-im/pyaleph;37;1998;75
intracom-telecom-sdn/nstat;5;3410;13
aimhubio/aim;65;1917;5108
deepset-ai/haystack;117;1750;16027
desbma/sacad;63;3791;308
MikkelSchubert/paleomix;26;4201;43
bridgecrewio/checkov;1922;1737;6841
gwforg/gwf;7;4086;31
hyperledger/aries-cloudagent-python;89;1893;403
locustio/locust;122;4942;24478
smarkets/marge-bot;13;2618;691
MongoEngine/django-mongoengine;15;4489;748
django-cms/django-cms;17;5656;10109
jazzband/django-configurations;11;4422;1085
mathiasertl/django-ca;38;3172;139
pybel/pybel;97;2904;132
MycroftAI/selene-backend;10;2220;143
SigmaHQ/sigma;27;2805;8031
lablup/backend.ai-manager;25;3366;31
computationalmodelling/fidimag;8;3261;60
markovmodel/PyEMMA;26;3614;306
otsaloma/gaupol;51;4891;248
otsaloma/nfoview;43;4911;138
scikit-rf/scikit-rf;31;4606;699
NHERI-SimCenter/pelicun;10;2192;50
aws/aws-xray-sdk-python;27;2537;326
cornellius-gp/gpytorch;33;2638;3512
etingof/pyasn1;18;3108;241
nicolas-chaulet/deeppointcloud-benchmarks;10;1728;2455
tomasbedrich/pycaching;35;4048;61
djangonauts/django-hstore;17;4976;517
dotKom/onlineweb4;486;4494;49
globocom/database-as-a-service;279;4018;366
jodal/comics;40;5589;133
valdergallo/django-compress-field;9;3745;19
pm4py/pm4py-core;144;2249;695
ercdndrs/AutoMaxLair;11;1370;25
pricingassistant/mrq;5;3850;876
SuLab/WikidataIntegrator;33;2844;242
dulwich/dulwich;25;5639;2038
prismicio/python-kit;15;4046;17
toomore/grs;21;4535;430
chgroenbech/scVAE;7;2754;81
SeanNaren/deepspeech.pytorch;6;2788;2096
ivadomed/ivadomed;34;2408;154
PrincetonUniversity/PsyNeuLink;58;2996;86
ml4ai/delphi;7;2404;24
deanishe/alfred-duden;7;3679;32
fedora-infra/bodhi;87;5683;153
teamsempo/SempoBlockchain;24;1837;41
asdf-format/asdf;50;3810;515
burnash/gspread;61;4654;7010
uw-cmg/MAST;13;4186;17
younho9/narkdown;24;1445;41
Qiskit/qiskit-ignis;14;2088;167
RasaHQ/rasa-sdk;95;2264;289
bear/python-twitter;12;4369;3412
photo/openphoto-python;6;4709;42
willemarcel/osmcha-django;79;3313;35
ReproNim/neurodocker;23;2690;326
team-ocean/veros;20;2702;324
WattTime/pyiso;8;3806;239
teamhephy/controller;14;2547;14
frankkramer-lab/MIScnn;5;1939;402
ilius/pyglossary;20;4967;2174
SAP/InfraBox;13;2352;268
ergoithz/browsepy;12;3901;169
SEED-platform/seed;88;3601;107
SK-415/HarukaBot;58;1415;828
cqmoe/python-aiocqhttp;5;2291;272
colour-science/colour;22;3840;2069
oemof/tespy;42;2453;266
pauliacomi/pyGAPS;26;2591;63
pzivich/zepid;22;2515;141
spacetelescope/specviz;23;3125;43
spacy-io/thinc;81;3605;2814
SeldonIO/MLServer;16;1535;685
alteryx/evalml;103;1869;753
biotite-dev/biotite;56;2587;603
pupil-labs/pupil;116;4030;1447
kengz/SLM-Lab;26;2522;1248
discogs/discogs_client;7;4872;480
grid-control/grid-control;5;3963;23
calaldees/KaraKara;5;4539;28
ViDA-NYU/reprozip;37;3768;302
aerospike/aerospike-admin;83;3647;38
devexp-db/distgen;21;3398;18
Taapat/enigma2-plugin-youtube;226;3342;34
etingof/pysmi;12;3108;132
geopython/OWSLib;21;4611;381
ipop-project/controllers;8;3830;23
lukaszbanasiak/yahoo-finance;12;3771;1331
kevthehermit/PasteHunter;6;2553;1056
Yubico/python-u2flib-server;5;3851;287
google/grr;28;3921;4747
TuxSH/firmtool;5;2766;94
algorand/py-algorand-sdk;42;1905;265
VisTrails/VisTrails;8;4404;102
rst2pdf/rst2pdf;11;3458;543
os/slacker;55;3823;1605
automl/HPOBench;6;1689;133
ctlearn-project/ctlearn;16;2877;54
mushorg/tanner;6;3309;219
owtf/owtf;12;4606;1802
e-koch/FilFinder;10;4115;40
pyspeckit/pyspeckit;14;4343;103
radio-astro-tools/spectral-cube;18;3790;95
spacetelescope/gwcs;18;3515;45
aio-libs/sockjs;12;3433;118
aws/deep-learning-containers;1924;1685;989
geospace-code/pymap3d;57;3679;381
mithi/hexapod-robot-simulator;5;1658;771
opencobra/memote;50;3030;125
cobrateam/django-htmlmin;5;4858;543
coala-analyzer/coala;17;3759;3543
devitocodes/devito;38;3081;552
biobakery/MetaPhlAn;26;1652;288
nucypher/nucypher;11;2570;691
andsor/pyfssa;12;3654;30
berkeley-cocosci/Wallace;17;3661;36
hamcrest/PyHamcrest;10;4997;765
tmux-python/libtmux;103;3021;1001
tmux-python/tmuxp;177;4020;4036
dsavransky/EXOSIMS;35;3377;25
pubnub/python;57;4206;157
holoviz/holoviz;8;2532;830
astropy/regions;5;3394;61
mhvk/baseband;17;3242;29
avocado-framework/avocado;35;3830;342
bashtage/randomgen;32;2382;101
borgbackup/borg;102;3396;10906
awslabs/amazon-qldb-driver-python;14;1779;42
seisman/HinetPy;36;3651;76
bccp/nbodykit;7;3418;110
blaze/blaze;14;4325;3181
viniciuschiele/flask-io;22;3372;17
roclark/sportsipy;20;2305;481
rhinstaller/blivet;25;3857;97
cloudify-cosmo/cloudify-aws-plugin;89;3535;11
celery/py-amqp;11;4420;308
edx/repo-tools;29;3969;30
erudit/eruditorg;12;3233;16
dwave-examples/factoring;5;2354;34
wtforms/wtforms;10;4005;1499
lmacken/liveusb-creator;6;5679;140
virt-manager/virt-manager;5;3387;2312
cov-lineages/pangolin;92;1607;422
nidhaloff/igel;14;1462;3079
pyskell/slouchy;5;3251;799
davidfor/calibre-annotations;28;4095;119
koordinates/sno;34;2229;519
deathlyface/python-tradingview-ta;23;1573;1070
jupyter/jupyter_client;53;3430;379
dictation-toolbox/caster;5;3949;339
django-tastypie/django-tastypie;8;5267;3908
karec/oct;7;3545;19
superdesk/superdesk-core;210;3297;30
socketubs/Sublimall;26;3859;541
eea/sparql-client;7;4363;33
emlid/ntripbrowser;5;2905;32
kanaka/websockify;8;4977;3862
pietroalbini/botogram;14;3354;123
fonttools/ufoLib2;37;2306;25
gklyne/annalist;18;4206;25
microsoft/maro;21;1707;840
sns-sdks/python-youtube;9;2002;302
pybamm-team/PyBaMM;45;2129;1034
rq/django-rq;12;4489;1812
jazzband/django-pipeline;14;4836;1508
jjangsangy/py-translate;14;3804;121
pierky/arouteserver;99;2768;285
josephbestjames/airtable.py;12;3465;262
maxmind/GeoIP2-python;40;4161;1098
mozilla/django-tidings;9;4906;66
mozilla/remo;75;4612;46
tiangolo/meinheld-gunicorn-docker;5;2056;164
python-telegram-bot/python-telegram-bot;115;3341;25746
earwig/mwparserfromhell;23;4484;738
edx/course-discovery;10;3215;56
pollen-robotics/reachy;11;1864;137
CellProfiler/CellProfiler;34;4895;891
DigitalCampus/django-oppia;42;4090;17
OpenTransitTools/gtfsdb;5;3452;155
Rorosha/testcloud;12;3688;13
