repo_name;release_count;age
earwig/mwparserfromhell;23;4484
edx/course-discovery;10;3215
pollen-robotics/reachy;11;1864
CellProfiler/CellProfiler;34;4895
DigitalCampus/django-oppia;42;4090
OpenTransitTools/gtfsdb;5;3452
Rorosha/testcloud;12;3688
Ulauncher/Ulauncher;147;3399
canonical/cloud-init;35;3613
codalab/codalab-cli;121;3559
exaile/exaile;29;3652
google/clusterfuzz;35;2039
kobotoolbox/kobocat;59;3937
kyper-data/python-highcharts;8;3287
mdtraj/mdtraj;27;4311
mozilla-services/shavar-list-creation;5;3627
mozilla/telemetry-airflow;45;3033
sagemath/sage;115;4465
salopensource/sal-scripts;43;3313
tdsmith/homebrew-pypi-poet;10;3497
widdowquinn/pyani;16;3530
z411/trackma;21;4401
Adapter-Hub/adapter-transformers;21;1591
PaulMcInnis/JobFunnel;10;2561
PyTorchLightning/pytorch-lightning;160;1978
cltk/cltk;78;3882
wellcometrust/WellcomeML;21;1687
yannforget/pylandsat;5;2179
googlefonts/fontbakery;55;4212
1313e/PRISM;13;2396
NSLS-II/PyXRF;24;3437
PierreRaybaut/PythonQwt;24;3295
PierreRaybaut/guidata;26;3294
cbrnr/mnelab;28;2623
equinor/ert;475;2684
kcjengr/QtPyVCP;44;2155
pyvista/pyvistaqt;6;1568
srevinsaju/guiscrcpy;38;1904
tohojo/flent;24;4342
wkentaro/labelme;68;3034
Syncleus/apex;5;3087
deshaw/pyflyby;24;2154
scrapy/parsel;15;3415
yashaka/selene;39;3422
akretion/roulier;19;3055
certtools/intelmq;44;3719
mlsecproject/combine;5;3842
opentargets/rest_api;6;3146
shoopio/shoop;137;3375
6uhrmittag/taskbutler;9;2337
AlienVault-Labs/OTX-Python-SDK;16;3419
AtomicConductor/conductor_client;92;3423
Chadsr/NordVPN-NetworkManager;26;2660
Clinical-Genomics/scout;151;3611
CorruptComputer/ProtonDB-Tags;6;1910
Crystalnix/termius-cli;13;4084
DMOJ/online-judge;5;3822
DuckBoss/JJMumbleBot;63;2026
HDI-Project/ATM;6;2876
HXLStandard/libhxl-python;83;3669
JohnMaguire/Cardinal;32;4221
Koed00/django-whoshere;6;3398
Nettacker/Nettacker;12;2687
OCHA-DAP/hdx-ckan;691;3852
PSLmodels/Tax-Calculator;97;3684
RIPE-NCC/ripe-atlas-cousteau;28;3759
RomelTorres/alpha_vantage;6;2679
SamSchott/maestral;57;2103
SickChill/SickChill;18;3211
SickGear/SickGear;65;3578
SpiderOak/netkes;109;4090
StevenBlack/hosts;668;4521
Syncplay/syncplay;69;4452
WeblateOrg/weblate;97;4567
WorldWideTelescope/pywwt;53;2481
airbnb/streamalert;28;2776
akamhy/waybackpy;35;1580
astropy/pyvo;30;4086
avwx-rest/AVWX-Engine;25;3405
callahantiff/PheKnowLator;10;2168
cekit/cekit;72;2555
ckan/ckanext-harvest;26;4655
datawire/ambassador;205;2709
ericmandel/pyjs9;15;3525
explosion/spaCy;125;3710
galaxyproject/galaxy;19;3475
glennmatthews/cot;42;3717
grow/grow;164;3999
gwpy/gwosc;15;2668
ilastik/ilastik;10;4496
janrain/janrain-python-api;9;4223
jpmens/mqttwarn;20;3854
jupyter/repo2docker;14;2669
kovacsbalu/WazeRouteCalculator;17;3225
lektor/lektor;44;3176
microsoft/nlp-recipes;5;1973
oemof/feedinlib;6;3689
project-koku/koku;268;2351
pv8/noipy;14;4178
rhinstaller/anaconda;176;3495
rolandgeider/wger;11;4240
romanvm/service.addic7ed;24;3597
rotki/rotki;110;2369
rsmusllp/king-phisher;29;3891
sk1418/zhuaxia;8;3840
streamlit/streamlit;83;1832
tobi-wan-kenobi/bumblebee-status;40;2860
xesscorp/KiCost;11;3346
xirixiz/Home-Assistant-Sensor-Afvalwijzer;124;2345
y0ssar1an/CSS3;50;3699
4Catalyzer/flask-resty;82;3323
Diaoul/spkrepo;7;3561
EUDAT-B2SHARE/b2share;56;4229
JARR-aggregator/JARR;18;3922
JackStouffer/Flask-Foundation;5;4001
MongoEngine/flask-mongoengine;10;4489
NYPL-Simplified/circulation;74;3555
Netflix/security_monkey;18;3715
OctoPrint/OctoPrint;145;4259
Pegase745/sqlalchemy-datatables;12;4040
StartupsPoleEmploi/labonneboite;5;2562
alephdata/aleph;29;3654
all-of-us/raw-data-repository;461;2933
apache/airflow;88;3426
betterlife/betterlifepsi;9;3359
blockstack/blockstack-core;118;3628
csm-aut/csm;7;3481
dpgaspar/Flask-AppBuilder;40;3945
etalab/udata;99;3779
fedora-infra/anitya;32;3926
flask-admin/flask-admin;17;4546
geopython/GeoHealthCheck;9;3642
getredash/redash;98;3958
getslash/backslash;22;3655
jfinkels/flask-restless;25;4565
levlaz/braindump;10;3202
lyft/confidant;10;3275
nsacyber/WALKOFF;40;3004
osmlab/maproulette;5;4199
raymondEhlers/OVERWATCH;8;3135
realpython/cookiecutter-flask-skeleton;12;3508
sagemath/sagenb;10;4635
seiferta/eMonitor;6;3828
sepro/MemoBoard;15;3107
spiral-project/ihatemoney;13;4921
tetherless-world/whyis;5;3119
voxpupuli/puppetboard;61;4049
Clarifai/clarifai-python;34;3744
Cornices/cornice;36;4705
GeotrekCE/Geotrek-admin;351;4133
GoogleCloudPlatform/forseti-security;63;2751
MDAnalysis/mdanalysis;30;3435
Mergifyio/mergify-engine;9;2325
OpenMined/PySyft;152;2598
PyMySQL/PyMySQL;7;4782
RPing/influx-prompt;8;2329
Scitator/catalyst;41;2201
ansible/galaxy;7;3629
blaze/distributed;8;3273
cfpb/cfgov-refresh;1586;3788
cfpb/wagtail-sharing;27;2788
circus-tent/circus;7;4586
clearlinux/autospec;13;3219
corteva/geocube;30;1974
delfick/photons;76;1518
dj-stripe/dj-stripe;70;4042
elifesciences/sciencebeam;11;2626
elyra-ai/elyra;18;1772
facebookresearch/detectron2;10;1819
gunthercox/ChatterBot;86;3623
healthchecks/healthchecks;59;3353
httpie/httpie;46;4569
idan/oauthlib;48;4666
infobyte/faraday;85;3949
jazzband/pip-tools;69;4371
lbryio/lbry;282;3297
matrix-org/sydent;24;3671
menpo/menpo;34;4141
missionpinball/mpf;34;3716
mlflow/mlflow;99;2277
mopidy/mopidy;17;5363
mopidy/mopidy-gmusic;13;4074
mopidy/mopidy-mpris;14;3978
mopidy/mopidy-spotify;27;3977
moremoban/moban;61;3137
mozilla/addons-server;5;3863
mozilla/kitsune;16;5329
mozilla/pontoon;29;4940
mozmeao/snippets-service;95;4136
mytardis/mytardis;20;4664
nipy/nibabel;40;5152
openwisp/openwisp-monitoring;6;1623
optuna/optuna;65;2381
pfnet/pfio;37;1955
pfnet/pfrl;5;1527
pimoroni/mopidy-raspberry-gpio;5;1785
praw-dev/asyncpraw;12;2032
pypa/bandersnatch;31;2299
pypa/readme_renderer;29;3836
pyproj4/pyproj;52;3530
realsuayip/django-sozluk;19;1766
rectalogic/mopidy-pandora;13;3536
rigetti/grove;8;2807
salesforce/django-declarative-apis;18;1875
sphinx-doc/sphinx;57;3527
tensorflow/hub;20;2362
tfeldmann/organize;49;2535
torchbox/wagtail;244;3860
unknown-horizons/unknown-horizons;25;5120
zalando-stups/zign;9;3396
zalando/connexion;138;3390
LyfeOnEdge/HBUpdater;21;1963
cclib/cclib;26;3895
jsalt18-sentence-repl/jiant;19;2264
pantsbuild/pants;518;4273
spotdl/spotify-downloader;85;2976
scrapinghub/scrapy-autounit;14;2058
sosy-lab/benchexec;60;3485
1Prototype1/HexBot;6;1465
Nathan-LS/Insight;11;2394
ParadoxAlarmInterface/pai;35;2337
Roxxers/roxbot;12;2655
danieldotnl/hass-multiscrape;11;1483
laramies/theHarvester;26;4988
lgrahl/threema-msgapi-sdk-python;17;3446
qtumproject/qtum-electrum;46;2551
randovania/randovania;124;2548
y-young/nazurin;24;1657
abrt/faf;6;4227
fedora-infra/python-fedora;6;4239
jhermann/rituals;5;3481
novafloss/django-generic-filters;22;4014
onepercentclub/bluebottle;369;3989
santoshphilip/eppy;33;4352
AppScale/appscale-tools;23;4514
Borda/BIRL;6;2862
DLR-RM/BlenderProc;6;1785
DMS-Aus/Roam;15;3928
StackStorm/st2;70;3781
awslabs/sockeye;76;2639
choderalab/Protons;7;3949
dataversioncontrol/dvc;544;2735
epinna/weevely3;12;3631
hammerlab/mhcflurry;28;3349
hibtc/cpymad;16;3561
metabrainz/picard;77;4761
patacrep/patacrep;6;4163
poldracklab/niworkflows;171;2961
ros-infrastructure/bloom;6;4480
torchbox/django-pattern-library;8;1653
borisbabic/browser_cookie3;6;3413
ihaveamac/3dsconv;17;3058
mkb79/Audible;35;1899
255BITS/HyperGAN;7;2987
DiamondLightSource/Savu;23;3578
psychopy/psychopy;110;5111
python-microscopy/python-microscopy;39;1736
AppScale/appscale;29;4542
Baekalfen/PyBoy;32;3380
Breakthrough/PySceneDetect;33;3739
City-of-Helsinki/respa;19;3380
Clinical-Genomics/BALSAMIC;33;2366
Cog-Creators/Red-DiscordBot;83;3162
Dan6erbond/aPRAW;18;1831
DataDog/dd-trace-py;521;2992
ESMValGroup/ESMValCore;50;1913
FAForever/server;71;3593
GeorgeCiesinski/text-script;6;1701
GeoscienceAustralia/PyRate;7;3384
GoogleCloudPlatform/terraform-python-testing-helper;36;1988
HTTP-APIs/hydrus;15;2816
IBM/lale;84;1850
JNRowe/pyisbn;10;5607
KanoComputing/kano-toolset;51;3830
KeepSafe/aiohttp;150;3984
KimiNewt/pyshark;16;3897
LLNL/spack;44;3886
Materials-Consortia/optimade-python-tools;86;2276
Mouse-Imaging-Centre/pyminc;14;4548
MozillaSecurity/laniakea;8;3564
MozillaSecurity/lithium;11;3340
NSLS-II/ophyd;13;3585
OGGM/oggm;22;3247
OP2/PyOP2;116;4460
PennyLaneAI/pennylane;58;2326
ProjectQ-Framework/ProjectQ;24;2801
QCoDeS/Qcodes;83;3369
RunestoneInteractive/RunestoneServer;25;4598
SamR1/FitTrackee;81;2706
SparkTC/enterprise_gateway;38;2687
StellarCN/py-stellar-base;148;3261
Telefonica/toolium;63;3235
TileDB-Inc/TileDB-Py;140;2658
Toblerity/Fiona;23;4625
Toblerity/rtree;13;4820
Trusted-AI/adversarial-robustness-toolbox;58;2359
Ultimaker/Uranium;7;3580
XKNX/xknx;121;3126
acsone/setuptools-odoo;21;3257
aio-libs/aiohttp-session;24;3514
aio-libs/aioredis;29;3749
akrherz/pyIEM;30;4254
albermax/innvestigate;6;2451
alphatwirl/alphatwirl;43;3482
amphibian-dev/toad;9;2190
ansible-community/ansible-lint;97;4033
ansible/ansible;99;4559
appium/python-client;9;3797
aws/sagemaker-xgboost-container;6;1927
awslabs/autogluon;33;1858
beer-garden/beer-garden;66;2399
biologyguy/BuddySuite;16;3514
biosustain/cameo;33;3809
bmoscon/cryptofeed;73;2448
braindecode/braindecode;5;1696
brechtm/rinohtype;15;3959
bsmurphy/PyKrige;11;3619
carpedm20/fbchat;47;3421
chainer/chainer-chemistry;8;2466
cobbler/cobbler;42;4678
cobrateam/splinter;14;5093
codeforpdx/recordexpungPDX;73;2148
creare-com/podpac;16;2361
cylc/cylc;100;4837
darcymason/pydicom;29;3955
databricks/koalas;47;2064
dateutil/dateutil;20;3571
davidh-ssec/polar2grid;9;4460
dbcli/mssql-cli;9;2512
dhimmel/obonet;6;3392
dnouri/skorch;16;2599
dropbox/dropbox-sdk-python;95;3365
dstrigl/htheatpump;10;2751
duniter/sakia;78;3864
edx/edx-lint;33;3500
equinor/gordo;218;2150
fchollet/keras;70;3442
fitodic/centerline;6;3562
flairNLP/flair;26;2271
flashcode/msgcheck;8;4256
frgfm/torch-cam;8;1620
gaphor/gaphas;55;5550
gaphor/gaphor;64;5544
gatheringhallstudios/MHWorldData;29;2373
geopy/geopy;37;5291
getnikola/nikola;80;4520
gijzelaerr/python-snap7;21;3977
glotzerlab/signac;14;2037
hachmannlab/ChemML;5;2457
hugovk/pypistats;29;2168
ishepard/pydriller;43;2353
jgayfer/pydest;5;2578
jhfjhfj1/autokeras;59;2474
joke2k/faker;280;4307
josuebrunel/yahoo-oauth;7;3377
k-bx/python-semver;19;4587
kbandla/dpkt;11;4467
kenfar/DataGristle;5;4918
larq/zoo;58;1946
lbl-anp/becquerel;17;2885
lingthio/Flask-User;6;3843
lockwooddev/python-wowapi;8;4106
mackelab/sbi;31;1661
matthewgilbert/pdblp;9;3357
microsoft/graspologic;16;2183
microsoft/playwright-python;89;1520
mindsdb/mindsdb;241;2219
mit-crpg/openmc;20;4788
ml31415/numpy-groupies;14;4108
nautechsystems/nautilus_trader;106;2257
nco/pynco;6;3881
nengo/nengo;21;4149
neo4j/neo4j-python-driver;105;3404
nicolewhite/cycli;6;3317
nipy/nipype;43;5152
ns1/ns1-python;7;2855
nvictus/priority-queue-dictionary;7;4503
oVirt/vdsm;22;4325
ocadotechnology/aimmo;587;3334
odlgroup/odl;15;3220
openstenoproject/plover;43;4460
opsdroid/opsdroid;50;2958
osbuild/osbuild;131;2053
pantsbuild/pex;275;3692
paulgavrikov/visualkeras;6;1434
photosynthesis-team/photosynthesis.metrics;17;1715
playpauseandstop/rororo;46;4329
plotly/dash;70;3429
probabilistic-numerics/probnum;29;1763
pydicom/pynetdicom;20;2892
pylast/pylast;34;4235
pymc-devs/aesara;51;665
pymedusa/SickRage;124;3110
python-pillow/Pillow;56;4418
pywbem/pywbem;58;3249
pyxem/pyxem;32;3150
quark-engine/quark-engine;61;1773
qutip/qutip;28;4342
radomirbosak/duden;17;3234
reportportal/agent-Python-RobotFramework;23;2906
robotframework/SeleniumLibrary;57;4695
roskakori/pygount;7;4156
s3ql/s3ql;31;3335
salu133445/pypianoroll;15;2420
scikit-hep/boost-histogram;30;2175
scikit-image/scikit-image;32;4801
scrapinghub/shub;37;3727
se2p/pynguin;55;1494
sentinel-hub/sentinel2-cloud-detector;12;2411
sjkingo/python-freshdesk;19;3529
smaniotto/django-nomad;6;2628
smarie/python-autoclass;12;2798
snipsco/snips-nlu-metrics;15;2604
sobolevn/django-split-settings;9;4122
sopel-irc/sopel;72;4634
soxofaan/duviz;5;4596
stellargraph/stellargraph;25;2330
sunpy/sunpy;139;4772
supermihi/pytaglib;12;4751
theislab/sfaira;16;1452
tomerfiliba/plumbum;10;4507
uber/h3-py;23;2269
uber/petastorm;48;2266
usnistgov/pyMCR;8;2451
vatlab/SOS;51;3120
wavespectra/wavespectra;14;1825
weecology/retriever;12;4811
wikimedia/cumin;16;2794
willcl-ark/lnd_grpc;12;2043
williballenthin/python-registry;5;4856
wookayin/gpustat;11;3049
xigt/xigt;5;4155
ymyzk/python-gyazo;28;3689
zapatacomputing/z-quantum-core;15;1598
CenterForOpenScience/osf.io;21;4118
DIRACGrid/DIRAC;211;4894
DataDog/datadogpy;62;3501
DataDog/dd-agent;103;4990
Mozilla-TWQA/Hasal;11;3076
MrSprigster/Twitch-on-Kodi;56;4463
OnToology/OnToology;7;3459
OpenCanada/website;15;3380
allankp/pytest-testrail;14;3141
beebeeep/cacus;11;3265
bryantbhowell/tableau_tools;42;2976
certbot/certbot;52;3578
ckan/datapusher;7;4308
foospidy/HoneyPy;18;3938
getsentry/sentry;135;5112
h3llrais3r/Auto-Subliminal;23;3906
hfaran/piazza-api;19;3913
hypothesis/h;85;4532
ikreymer/pywb;41;3916
internetarchive/openlibrary;107;5782
john-kurkowski/tldextract;7;4933
log2timeline/plaso;48;3642
mgckind/easyaccess;20;3491
mixja/cfn-lambda-handler;7;2884
mozilla/mozregression;108;5313
opentargets/data_pipeline;16;3146
openvstorage/framework;70;3326
parklab/refinery-platform;36;4662
proycon/clam;88;5168
pysat/pysat;38;3434
scrapinghub/python-scrapinghub;9;4762
sethblack/python-seo-analyzer;11;4261
six-pack/Axis-Mundi;7;3407
sonata-nfv/son-emu;9;3144
splunk/splunk-ansible;63;2177
vmware/pyvmomi;28;3912
ENCODE-DCC/encoded;84;4283
FCP-INDI/C-PAC;38;4452
GeoNode/geonode;42;5201
GoogleCloudPlatform/PerfKitBenchmarker;17;3696
Koed00/django-q;78;3364
Nextdoor/kingpin;24;3669
PUNCH-Cyber/stoq-plugins-public;13;3206
RaRe-Technologies/smart_open;51;3527
ansible-collections/amazon.aws;62;1660
artsy/hokusai;37;2830
aws/aws-parallelcluster;89;3761
biothings/biothings.api;9;3151
buildbot/buildbot;74;5168
celery/kombu;32;5181
cloudtools/stacker;38;3522
conda/conda;167;4335
django-ses/django-ses;50;4965
edx/edx-ora2;309;3901
etianen/django-s3-storage;9;3514
jantman/awslimitchecker;33;3372
mapproxy/mapproxy;5;4511
mapzen/tilequeue;38;3618
mgrp/django-distill;16;3417
mozilla-services/autopush;90;3464
mozilla-services/socorro;192;4754
nchammas/flintrock;14;3374
ngageoint/scale;39;3207
novemberfiveco/s3pypi;32;3074
open-craft/opencraft;15;3308
openstax/openstax-cms;227;3228
sbrunner/tilecloud-chain;75;4360
scrapinghub/spidermon;10;3208
spotify/luigi;59;4361
spulec/moto;30;4209
tendenci/tendenci;116;5228
wamdam/backy2;22;3264
xethorn/garcon;31;3538
zalando-stups/berry;5;3437
zalando-stups/senza;127;3440
zulip/zulip;104;3261
Murodese/pynab;9;3986
cloudera/ibis;22;3421
psf/black;44;2360
robshakir/pyangbind;10;3415
scrapinghub/dateparser;29;3566
securisec/chepy;52;1768
vertexproject/synapse;315;3367
xxyzz/WordDumb;115;1407
ARTFL-Project/PhiloLogic4;62;4209
kovidgoyal/calibre;303;4111
SeldonIO/alibi;33;2011
SimonBlanke/hyperactive;31;2128
Tobias-Fischer/rt_gene;10;2157
beringresearch/ivis;36;2208
christianversloot/extra_keras_datasets;31;1694
evilsocket/ergo;17;2108
google/qkeras;6;1849
keras-team/keras-tuner;32;1910
maxpumperla/elephas;10;3304
PMEAL/OpenPNM;39;4052
ejeschke/ginga;25;4450
igmhub/picca;21;2822
jobovy/galpy;20;4734
matplotlib/matplotlib;87;4940
nkarasiak/dzetsaka;33;3026
numbbo/coco;41;3309
ratschlab/spladder;24;3691
scikit-learn/scikit-learn;42;5126
scipy/scipy;93;4922
Bookworm-project/BookwormDB;9;4690
FORTH-ICS-INSPIRE/artemis;12;2103
abe-winter/pg13-py;9;3515
checktheroads/hyperglass;27;1940
linzhiming0826/sanic-restful;7;1816
long2ice/mysql2ch;24;1657
materials-data-facility/forge;29;2794
zulip/zulip-terminal;7;2378
ARMmbed/mbed-cli;43;3071
CellProfiler/CellProfiler-Analyst;6;4676
CubicERP/cubicerp;5;2789
Flexget/Flexget;282;4909
PokemonGoF/PokemonGo-Bot;7;2962
akvo/akvo-rsr;117;5386
camptocamp/c2cgeoportal;66;4649
debomatic/debomatic;21;3695
gwastro/pycbc;157;3467
maloep/romcollectionbrowser;8;3416
phrawzty/AudioAddict.bundle;9;3776
sabnzbd/sabnzbd;223;4767
stamparm/maltrail;61;3555
yomguy/DeeFuzzer;9;4693
AllenInstitute/ipfx;6;2454
ManageIQ/wrapanapi;69;3285
Yelp/Tron;17;5102
aiidateam/aiida-core;35;2806
beetbox/beets;34;5133
datadotworld/data.world-py;24;2778
datalad/datalad;109;3954
emc-openstack/vnx-direct-driver;26;3907
frappe/erpnext;1402;4831
frappe/frappe;1280;4831
jaraco/wolframalpha;11;3200
lxc/pylxd;12;3383
mesosphere/marathon-lb;52;3249
openatv/enigma2;10;4445
pndurette/gTTS;22;3759
rackspace/pyrax;22;4354
sanger-pathogens/gff3toembl;5;3620
scrapy/w3lib;11;4883
wkentaro/gdown;20;3239
yougov/pmxbot;17;3193
ARMmbed/yotta;89;3857
CloudVE/cloudbridge;15;3272
CoreSecurity/pysap;17;3809
LibertyAces/BitSwanPump;6;2080
SFDO-Tooling/CumulusCI;233;3891
Tribler/tribler;141;4203
ansible/awx;64;2661
bargate-project/bargate;29;3791
barneygale/quarry;11;3711
cowrie/cowrie;19;3397
home-assistant/hassio;435;2725
jpadilla/pyjwt;37;4934
log2timeline/dfvfs;18;3642
offu/WeRoBot;28;4229
ojarva/python-sshpubkeys;7;3542
paterva/maltego-trx;10;2277
phaethon/kamene;19;3500
privacyidea/privacyidea;43;3740
reviewboard/reviewboard;9;5485
secdev/scapy;13;3255
thinkst/opencanary;6;3312
twisted/twisted;32;4807
Abjad/abjad;29;3957
PyMySQL/mysqlclient;13;3776
Thermondo/pytest-translations;5;3529
aibasel/pyperplan;6;1659
diofant/diofant;8;3476
edgedb/edgedb;26;2617
pytest-dev/pytest;72;3362
tarbell-project/tarbell;6;4259
translate/translate;74;4545
IdentityPython/pysaml2;51;4480
NervanaSystems/neon;32;3605
ceholden/yatsm;13;3738
copier-org/copier;42;4685
csirtgadgets/bearded-avenger;42;3632
inducer/pycuda;8;4894
ionrock/cachecontrol;6;4090
jasonlaska/skggm;6;3001
Chavithra/degiro-connector;11;1486
Rhinik/vkquick;26;1573
eversum/galacteek;58;2112
hsahovic/poke-env;50;1850
sumeshi/evtx2es;6;1790
terraform-compliance/cli;179;2706
panoptes/POCS;9;3983
BjornFJohansson/pydna;16;3494
ClusterLabs/crmsh;18;3816
DIYBookScanner/spreads;8;4091
Galvant/InstrumentKit;15;4138
HERA-Team/pyuvdata;39;3236
MasterOdin/pylint_runner;9;3451
ReproNim/niceman;8;3045
SALib/SALib;33;4109
StingraySoftware/stingray;11;3256
Thor77/TeamspeakStats;14;3335
ajdawson/eofs;6;4185
ajdawson/windspharm;6;4454
alkaline-ml/pmdarima;44;2709
amzn/ion-python;17;3065
apple/coremltools;39;2617
bashtage/arch;47;3653
bbangert/beaker;9;4701
biocore/scikit-bio;24;3912
bodbdigr/restea;6;3452
bodono/scs-python;5;2501
cdent/paste;6;2137
chainer/chainermn;7;2767
cihologramas/pyoptools;7;3432
dib-lab/khmer;14;4489
diyan/pywinrm;10;4437
django-oscar/django-oscar;8;5012
edickie/ciftify;22;2919
frictionlessdata/datapackage-py;76;3237
gcovr/gcovr;12;4124
geopandas/geopandas;36;4081
histrio/py-couchdb;5;4243
ianlini/flatten-dict;10;2814
iotile/coretools;105;2836
juhasch/PhysicalQuantities;15;3786
jupyter-server/jupyter_server;123;2899
jupyter/nbconvert;52;3430
kotfu/tomcat-manager;14;4256
landlab/landlab;9;3765
linkcheck/linkchecker;9;2767
lmfit/lmfit-py;37;4777
luispedro/mahotas;6;5324
markokr/rarfile;5;4692
mwaskom/seaborn;37;4455
nccgroup/ScoutSuite;35;2130
networkx/networkx;56;5106
nilearn/nilearn;11;4981
oemof/oemof-solph;37;3201
pierrepo/PBxplore;5;4094
plotly/plotly.py;85;3934
pvlib/pvlib-python;43;3481
pydata/pandas-gbq;40;2759
pymssql/pymssql;17;4007
python-visualization/folium;28;4130
qtile/qtile;21;5843
rasbt/mlxtend;29;3668
sckott/pygbif;11;3529
statsmodels/statsmodels;27;4827
tqdm/tqdm;128;3375
uber/vertica-python;69;4040
witten/atticmatic;123;3571
AdCombo/flask-combo-jsonapi;8;1676
MediaBrowser/MediaBrowser.Kodi;66;3962
getsentry/raven-python;10;4711
gmr/consulate;5;3773
jrnl-org/jrnl;47;4536
karlproject/karl;22;4770
matrix-org/synapse;527;3671
mirnylab/cooler;44;3151
mozilla/amo-validator;12;4926
pyecharts/pyecharts;5;2625
whamcloud/integrated-manager-for-lustre;35;2684
CAMBI-tech/BciPy;9;2284
JonathanVusich/pcpartpicker;15;2127
Netflix/consoleme;27;1751
delira-dev/delira;8;2088
jgrss/geowombat;57;2001
josiah-wolf-oberholtzer/supriya;38;3829
libAtoms/matscipy;22;3691
open-mmlab/mmcv;62;2199
plangrid/flask-rebar;9;2376
ploigos/ploigos-step-runner;16;1570
sodafoundation/delfin;33;1603
vsergeev/u-msgpack-python;13;3987
zach401/acnportal;7;2289
AlexandreDecan/sismic;20;3195
Anaconda-Platform/anaconda-client;52;4172
BerkeleyAutomation/autolab_core;6;2873
EducationalTestingService/skll;71;4045
FOSSEE/online_test;26;4678
FederatedAI/FATE;51;2044
Felienne/hedy;12;1725
HPInc/ml-git;8;1492
NLeSC/scriptcwl;13;2878
NVIDIA/NeMo;49;1850
Parsely/streamparse;46;3771
Prototype-X/Zabbix-Network-Weathermap;6;3064
Quansight/qhub;108;1608
RasaHQ/rasa;253;2876
SubstraFoundation/distributed-learning-contributivity;5;1826
afourmy/e-napalm;60;2517
andreoliwa/nitpick;53;2351
center-for-threat-informed-defense/adversary_emulation_library;5;1583
coala/coala-bears;14;3119
common-workflow-language/python-cwlgen;8;2775
conda-incubator/grayskull;71;1696
cookiecutter/cookiecutter;29;4064
demisto/demisto-sdk;210;1761
exosite/exoline;6;4089
getpopper/popper;20;3253
gschivley/PowerGenome;18;1869
home-assistant-ecosystem/home-assistant-cli;19;2955
homebysix/pre-commit-macadmin;39;2009
jwplayer/buildpipe-buildkite-plugin;12;2399
lykius/hesiod;9;1377
materialsproject/custodian;30;4224
materialsproject/pymatgen;287;4694
pr-omethe-us/PyKED;12;2933
pre-commit/pre-commit-hooks;34;3822
rabobank-cdc/DeTTACT;24;1980
saturncloud/prefect-saturn;14;1518
solus-project/ypkg;15;3476
tjhowse/modbus4mqtt;14;1521
xoxys/ansible-doctor;78;1787
Akuli/porcupine;39;2756
BlueBrain/NeuroM;64;3408
C0D3D3V/Moodle-Downloader-2;68;1715
CLIMADA-project/climada_python;36;2463
ComplianceAsCode/auditree-framework;50;1583
Donders-Institute/bidscoin;40;2324
H-uru/korman;21;4448
HyperLink-Technology/brownie;129;2127
JohnDoenut/biopeaks;12;2010
JonnyHaystack/i3-resurrect;15;1901
Kanjirito/simple-manga-downloader;32;1893
Kozea/tinycss2;15;4139
Kuifje02/vrpy;6;1613
LCA-ActivityBrowser/activity-browser;37;2689
MouseLand/suite2p;14;2236
PyCQA/pylint;93;3186
RuedigerVoigt/exoskeleton;27;1772
StochSS/GillesPy2;39;2536
The-Compiler/qutebrowser;90;3717
aaugustin/websockets;40;4170
alphatwirl/atpbar;29;2020
ashnair1/COCO-Assistant;7;1918
bonjorno7/SourceOps;29;2064
bpython/bpython;18;3708
brainix/pottery;51;3368
earthobservations/wetterdienst;129;2091
encode/uvicorn;54;2647
equinor/ecl2df;40;1935
ethereum/viper;48;2848
freqtrade/freqtrade;87;2660
gbouvignies/chemex;21;3958
gretelai/gretel-synthetics;61;1641
ipython/ipython;29;5225
irmen/Tale;29;4073
jina-ai/jina;294;1659
miurahr/py7zr;123;1992
mopidy/mopidy-local;8;1852
novafloss/workalendar;91;3935
nschloe/meshio;81;3215
packit-service/packit;133;2123
pomo-mondreganto/ForcAD;16;1980
project-alice-assistant/ProjectAlice;10;1893
pyre/pyre;21;3020
rlaPHOENiX/pvsfunc;20;1701
scidash/sciunit;9;4650
scikit-hep/pyhf;39;2409
shyamd/mkdocs-bibtex;53;1919
snipsco/snips-nlu;58;2759
spraakbanken/sparv-pipeline;8;2533
tophat/syrupy;107;1775
user-cont/release-bot;21;2388
yasoob/youtube-dl-GUI;6;3854
zeromq/pyzmq;18;5153
Microsoft/ptvsd;51;2456
gem/oq-engine;68;5176
joerick/pyinstrument;7;3822
AlexAplin/nndownload;21;2808
PythonistaGuild/Wavelink;73;2064
Terbau/fortnitepy;19;1872
kijk2869/discodo;54;1531
miguelgrinberg/python-engineio;131;3356
timkpaine/tributary;14;2182
DRMacIver/hypothesis;671;4190
OpenPrinting/system-config-printer;10;3401
PyThaiNLP/pythainlp;117;2989
RabadanLab/arcasHLA;8;2131
aiven/karapace;59;2060
choderalab/perses;22;3566
douglasrizzo/catsim;9;3391
eLvErDe/nicotine-plus;51;4034
fossasia/pslab;14;3002
frescobaldi/frescobaldi;20;4962
gpilab/framework;19;3489
h5py/h5py;36;4360
jamesoff/simplemonitor;11;4048
korcankaraokcu/PINCE;5;3114
maximumstock/poe-currency-flip-planner;18;2416
nedbat/coveragepy;138;2259
sephii/taxi;7;4398
sharkwouter/minigalaxy;16;2069
yaph/geonamescache;7;4488
C4ptainCrunch/ics.py;9;3961
IBM/MAX-Image-Caption-Generator;5;2364
benbusby/whoogle-search;29;1681
osuosl/ganeti_webmgr;7;4380
python-bugzilla/python-bugzilla;6;3387
sentinelsat/sentinelsat;13;3386
tasmota/decode-config;36;1744
upstox/upstox-python;11;2631
ApacheInfra/superset;205;3327
lucyparsons/OpenOversight;29;3066
CouchPotato/CouchPotatoServer;15;4953
Externoak/A32NX-installer;10;1435
RDFLib/rdflib;13;4591
add-ons/plugin.video.vrt.nu;69;2748
arthurazs/dotapatch;16;2887
balloob/pychromecast;98;3984
emilsvennesson/script.module.inputstreamhelper;33;2542
hhursev/recipe-scraper;147;3272
jrkerns/pylinac;18;3608
lalitpagaria/obsei;14;1403
mozilla/code-coverage;50;1879
mpvqc/mpvQC;8;3130
obspy/obspy;24;4373
piqueserver/piqueserver;11;2801
sendgrid/sendgrid-python;107;4569
soimort/you-get;122;4392
sony/nnabla-examples;48;2488
twu/skjold;18;1677
achillean/shodan-python;27;5105
bugsnag/bugsnag-python;36;4416
editorsnotes/editorsnotes-server;10;5354
elastic/apm-agent-python;100;2604
epsagon/epsagon-python;307;2160
ewels/MultiQC;41;3313
fedora-infra/fedmsg;13;4592
galaxyproject/pulsar;7;3723
google/transitfeed;30;3636
hydroshare/hydroshare;192;3619
learningequality/ka-lite;25;4371
metomi/rose;78;4336
mozilla/balrog;125;4704
numenta/nupic;47;4163
sympy/sympy-live;8;5035
tableau/TabPy;21;2892
thombashi/tcconfig;82;3147
unt-libraries/django-premis-event-service;6;3857
hangoutsbot/hangoutsbot;37;3509
AppThreat/vulnerability-db;119;1683
piccolo-orm/piccolo;159;2132
ArduPilot/MAVProxy;12;4502
ganeti/ganeti;7;3608
AresValley/Artemis;6;1978
Tautulli/Tautulli;224;3476
TracyWebTech/django-revproxy;21;4032
affjljoo3581/canrevan;23;1551
cloudinary/pycloudinary;46;4501
edmorley/newrelic-python-agent;68;3212
mdmintz/SeleniumBase;950;3830
nasa/apod-api;9;3193
transifex/transifex-client;22;4532
libstorage/libstoragemgmt;40;3453
CloudBotIRC/CloudBot;11;3775
DaveMDS/epymc;8;3928
Diaoul/subliminal;14;4804
Edraak/edx-platform;71;3658
OddBloke/sphinx-git;6;4434
aag/apple_trailer_downloader;6;4625
cms-dev/cms;12;4714
duckduckgo/zeroclickinfo-fathead;6;4804
fabiocaccamo/django-freeze;7;3241
lakewik/EasyStorj;17;2720
lorien/grab;5;4138
steeve/xbmctorrent;15;4029
stephenmcd/mezzanine;9;5206
the-virtual-brain/tvb-framework;5;4172
Axelrod-Python/Axelrod;94;3480
Hiroshiba/pytorch-trainer;8;1719
mozilla/OpenWPM;35;3733
aertslab/pySCENIC;47;2367
schlegelp/navis;26;2039
tensorflow/quantum;10;1666
python-beaver/python-beaver;13;4418
BigBrotherBot/big-brother-bot;13;5728
Hugovdberg/PIconnect;17;2474
Jahaja/psdash;10;3851
PythonCharmers/python-future;7;4064
SatelliteQE/robottelo;63;4522
StingraySoftware/HENDRICS;8;2628
Toblerity/Shapely;21;4625
autotest/autotest-docker;9;3817
beaker-project/beaker;14;5085
carlosescri/DottedDict;6;3828
casacore/python-casacore;19;3768
celery/celery;50;5606
codecov/codecov-python;6;3676
dimagi/jsonobject;7;4080
django-haystack/django-haystack;15;5690
dw/mitogen;7;2937
elastic/elasticsearch-py;79;4137
enthought/chaco;10;4962
epsy/sigtools;7;3987
eve-val/evelink;10;4425
galaxyproject/bioblend;15;4468
google/apitools;10;3486
google/google-api-python-client;200;3885
google/oauth2client;18;3948
goshippo/shippo-python-client;7;3668
haypo/perf;11;3011
iconfinder/pyvat;17;4167
jorisroovers/gitlint;30;3283
mathics/Mathics;15;4951
pajbot/pajbot;33;3363
pulp/pulp_docker;6;3804
pydata/xarray;94;3986
pyinstaller/pyinstaller;67;4663
qubole/qds-sdk-py;60;4104
redhat-performance/tuned;33;2933
robotools/fontParts;46;3102
rollbar/pyrollbar;43;4399
scalyr/scalyr-agent-2;108;3641
scikit-learn-contrib/categorical-encoding;16;3196
sciunto-org/python-bibtexparser;9;4253
simphony/osp-core;23;1529
slimta/python-slimta;14;4279
sookasa/box.py;8;3967
splunk/splunk-sdk-python;23;4910
stripe/stripe-python;291;4814
sunscrapers/djoser;23;3621
tweepy/tweepy;31;5533
uw-it-aca/myuw;297;3564
yaybu/yaybu;7;4946
zmwangx/storyboard;9;3489
Azure/aztk;15;2648
CoreSecurity/impacket;13;3424
GetStream/stream-python;13;3747
IdentityPython/SATOSA;49;3284
IdentityPython/pyjwkest;16;4348
Keeper-Security/Commander;156;3285
LaunchKey/launchkey-python;18;4076
LedgerHQ/blue-loader-python;6;3061
OpenIDC/pyoidc;32;4676
ct-Open-Source/tuya-convert;9;2052
darknessomi/musicbox;12;3677
edx/edx-proctoring;264;3370
edx/xblock-lti-consumer;104;3216
etingof/pysnmp;20;3108
flobz/psa_car_controller;20;1383
freedomofpress/securedrop;49;4614
inquisb/keimpx;6;4447
jaraco/keyrings.alt;12;3150
koldinger/Tardis;40;3882
mikelolasagasti/revelation;7;4634
nmantani/FileInsight-plugins;29;4376
nuxeo/nuxeo-drive;85;4472
obsidianforensics/hindsight;11;3752
pyload/pyload;17;4218
snowflakedb/snowflake-connector-python;106;2982
thumbor/thumbor;130;4915
tintinweb/scapy-ssl_tls;11;3719
Azure/azure-sdk-for-python;3604;4510
felix-hilden/tekore;47;1844
willforde/script.module.codequick;13;3083
BD2KGenomics/toil;53;3439
openstack/cloudbase-init;7;3626
PaddlePaddle/PaddleSlim;9;1718
PyLops/pylops;29;2120
hyperspy/hyperspy;42;4759
invesalius/invesalius3;19;4320
rochefort-lab/fissa;10;3226
rbw/aiosnow;16;1755
Battleman/zoomdl;23;1616
jjjake/internetarchive;47;4397
pypa/twine;12;4034
Jhsmit/ColiCoords;7;2648
JohnKendrick/PDielec;27;3208
czheo/syntax_sugar_python;16;2777
huggingface/nlp;89;1617
hsoft/dupeguru;8;4086
Boltgolt/howdy;11;2428
JrGoodle/clowder;40;3350
skyzh/canvas_grab;36;1642
Braedon/prometheus-es-exporter;26;3149
DataDog/apigentools;9;1888
DataDog/riot;32;1514
GreyNoise-Intelligence/pygreynoise;15;2456
Stratoscale/skipper;47;2934
Yubico/yubioath-desktop;42;3845
ansible-community/molecule;74;3207
fedora-python/pyp2rpm;12;3335
fitnr/svgis;11;3368
getpatchwork/git-pw;28;3230
globus/globus-cli;59;3096
godaddy/tartufo;44;1757
googlesamples/assistant-sdk-python;12;2682
hnicke/sodalite;81;2551
indico/indico;61;4782
klensy/wt-tools;14;3539
kxr/o-must-gather;11;1543
networktocode/network-importer;17;1795
sonatype-nexus-community/jake;31;1784
tony/vcspull;38;3994
trhallam/segysak;26;1868
vals/umis;17;3360
Brobin/drf-generators;17;3432
rockstor/rockstor-core;109;4168
jazzband/django-constance;5;5092
Miserlou/Zappa;6;3143
mixpanel/mixpanel-python;12;4089
dagster-io/dagster;321;2313
CBIIT/nci-webtools-dceg-linkage;46;3506
kkrypt0nn/Python-Discord-Bot-Template;36;2011
leeping/forcebalance;21;4068
CTPUG/pygame_cffi;5;3919
NicholasMamo/multiplex-plot;9;1718
mongodb/mongo-python-driver;37;5705
thenetcircle/dino;19;2886
GoogleCloudPlatform/gcloud-python;2695;3866
OCA/connector;10;3726
RaRe-Technologies/gensim;43;4949
XLSForm/pyxform;44;3656
asciimoo/searx;15;3971
botify-labs/python-simple-workflow;12;4173
gorakhargosh/watchdog;37;5059
kura/blackhole;15;4420
projectcalico/felix;246;3717
pytroll/pyresample;34;3634
seandst/cfn-pyplates;20;4146
smarkets/smk_python_sdk;13;4759
testing-cabal/testtools;5;4235
torchbox/Willow;28;3590
CartoDB/carto-python;11;4882
alexis-mignon/python-flickr-api;8;4537
ryanmcgrath/twython;5;5628
CastXML/pygccxml;32;3761
JBKahn/flake8-print;13;3713
PyCQA/flake8-bugbear;51;3088
PyCQA/prospector;53;4042
caleb531/youversion-suggest;87;3839
cyberbotics/urdf2webots;23;2247
echronos/echronos;37;3310
harrystech/arthur-redshift-etl;82;2572
hhatto/autopep8;29;4991
nathan-v/aws_okta_keyman;24;2366
seatgeek/fuzzywuzzy;23;4801
theochem/horton;10;4785
apache/incubator-tvm;18;2877
craffel/mir_eval;7;4041
ansible-collections/community.aws;48;1639
scrapy/scrapy;38;5302
GoekeLab/xpore;9;1697
Kinto/kinto;168;3473
SaidBySolo/neispy;8;1587
VOLTTRON/volttron;34;3948
Yelp/paasta;259;3229
deepmind/kapitan;117;2516
ilius/starcal;26;4918
miku/siskin;5;3720
palantir/python-jsonrpc-server;13;2296
palantir/python-language-server;80;2785
snarfed/granary;31;4567
snarfed/oauth-dropins;25;3982
tilezen/tileserver;14;3333
zhongbiaodev/py-mysql-elasticsearch-sync;6;3182
bcbio/bcbio-nextgen;14;4222
JohannesBuchner/BXA;8;3863
LinkedEarth/Pyleoclim_util;28;3018
NCI-GDC/gdc-client;13;3312
PLOS/allofplos;6;2534
PyPSA/atlite;13;2855
mordred-descriptor/mordred;16;3164
redkyn/assigner;12;3159
ChristianTremblay/pyhaystack;8;3153
wazuh/wazuh-splunk;214;2654
smetj/wishbone;6;4517
CounterpartyXCP/counterblock;9;3874
softlayer/softlayer-python;63;5243
CleanCut/green;50;3802
ankitects/anki;57;4269
ipython/traitlets;23;3918
miketeo/pysmb;32;3762
ninuxorg/netdiff;24;3581
ClimbsRocks/auto_ml;12;2943
ContextLab/hypertools;21;2892
OpenTrons/opentrons-api;168;3341
geophile/marcel;40;1647
jajcayn/pygpso;10;1674
rhayes777/PyAutoFit;15;2111
saezlab/pypath;27;3466
voxel51/eta;32;2520
azavea/keras-semantic-segmentation;22;2765
gammapy/gammapy;5;4124
quantumblacklabs/kedro;53;1960
replit/replit-py;13;1494
TankerHQ/tbump;36;2457
TankerHQ/tsrc;44;2596
rafalp/Misago;70;4451
DataBiosphere/dsub;43;2743
DataDog/integrations-core;27;3194
RIPE-NCC/ripe.atlas.sagan;12;3776
moepman/acertmgr;11;3154
pallets/werkzeug;43;5064
capitalone/cloud-custodian;73;3103
chanzuckerberg/miniwdl;73;2210
projectsyn/commodore;79;1717
quiltdata/quilt-compiler;52;2757
spdx/tools-python;15;3446
mlspec/mlspec-lib;5;1622
datreant/datreant.core;6;3332
pypeclub/pype;113;1993
UNINETT/nav;58;2781
FeeiCN/cobra;28;3058
pinterest/snappass;8;3980
DDMAL/Rodan;23;4775
evernote/zing;37;2892
NERSC/pytokio;11;2666
bcgsc/mavis;49;2463
brigade-automation/brigade;26;2813
etal/cnvkit;42;3705
jazzband/collectfast;25;4125
miurahr/aqtinstall;115;2007
usnistgov/ActEV_Scorer;17;2387
Yubico/python-u2flib-host;6;3850
csaez/quicklauncher;6;4081
enthought/apptools;6;4962
fedora-infra/the-new-hotness;26;3613
joblib/joblib;5;5228
adbar/trafilatura;37;1970
crate/crate-python;19;4019
cubewise-code/TM1py;30;3238
getsentry/snuba;81;2372
jlafon/PynamoDB;64;3874
launchdarkly/python-client;105;3676
newrelic/newrelic-telemetry-sdk-python;14;1962
openeventstack/pretalx;31;2742
stratosphereips/StratosphereLinuxIPS;22;3187
wtolson/gnsq;6;3705
zalando/patroni;61;3340
DataDog/datadog-serverless-functions;117;3177
snowflakedb/snowflake-ingest-python;9;2884
MindscapeHQ/raygun4py;27;4208
PyGithub/PyGithub;45;4569
dpla/ingestion;25;4362
google/openhtf;14;3289
haiwen/seafdav;233;3757
metaodi/osmapi;38;3893
mwclient/mwclient;18;4294
OpenShot/openshot-qt;24;3377
googleapis/python-bigquery;109;1724
googleapis/python-datastore;56;1665
googleapis/python-logging;54;1724
googleapis/python-pubsub;116;1724
googleapis/python-storage;54;1724
onaio/onadata;218;3999
pyxnat/pyxnat;7;5126
rfverbruggen/rachiopy;9;3321
smartsheet-platform/smartsheet-python-sdk;26;3521
twilio/twilio-python;225;5462
automicus/PyISY;49;3839
SciLifeLab/CAW;17;3088
beat-machine/beat-machine;5;2078
certego/IntelOwl;67;1703
flomotlik/formica;7;2788
hedythedev/starcli;45;1539
machinable-org/machinable;68;1744
mlf-core/mlf-core;32;1489
neurostuff/NiMARE;45;2417
pappasam/jedi-language-server;108;1837
pierogis/pierogis;6;1389
spectacles-ci/spectacles;50;1941
titusz/onixcheck;6;3330
DeepSpace2/StyleFrame;38;3293
datarobot/batch-scoring;21;3144
inishchith/em-keyboard;23;3094
jdowner/gist;6;3482
rohbotics/pifi;10;2742
DefectDojo/django-DefectDojo;194;3479
TUW-GEO/ascat;25;2970
raphaelvallat/pingouin;39;2342
SasView/sasview;37;3489
Exa-Networks/exabgp;62;4020
Grokzen/pykwalify;21;4242
Grokzen/redis-py-cluster;19;4118
SteveDoyle2/pyNastran;12;3458
aashutoshrathi/git-stalk-cli;7;2288
jhauberg/cards.py;15;3233
pegler/pytzwhere;5;4387
unixsurfer/anycast_healthchecker;13;3336
JoinMarket-Org/joinmarket;6;3551
kennethjiang/OctoPrint-Anywhere;69;2678
DocNow/twarc;131;4245
YuvrajRaghuvanshiS/WhatsApp-Key-Database-Extractor;5;1379
bird-house/flyingpigeon;12;3648
erdogant/findpeaks;39;1581
noaa-oar-arl/MONET;14;2857
DonJayamanne/pythonVSCode;51;3145
desihub/desispec;22;3586
EI-CoreBioinformatics/mikado;86;3286
Opentopic/falcon-api;35;2714
mikeqfu/pydriosm;17;2652
murthylab/sleap;109;2003
EPAENERGYSTAR/epathermostat;9;2772
Microsoft/fairlearn;14;2298
NCATS-Tangerine/kgx;51;2319
arviz-devs/arviz;37;3319
neurodata/brainlit;6;1671
neuropoly/spinalcordtoolbox;69;3743
sci-wms/sci-wms;8;3471
ticketfrei/ticketfrei;14;2629
ReactionMechanismGenerator/RMG-Py;22;5437
jedie/DragonPy;7;4018
pytube/pytube;31;4547
robotframework/RIDE;31;4720
FairwindsOps/reckoner;56;2102
ungarj/mapchete;78;3326
FeatureLabs/nlp_primitives;31;1865
google/TensorNetwork;18;1952
Fizzadar/pyinfra;103;3602
major/supernova;8;4519
bashwork/pymodbus;75;4651
castelao/seabird;5;4359
marcy-terui/lamvery;10;3213
tern-tools/tern;23;2466
FrodeSolheim/fs-uae-launcher;9;3819
keylime/keylime;61;2871
smarthomeNG/plugins;23;2819
tus/tus-py-client;13;2904
GNS3/gns3-server;196;3990
hfaran/Tornado-JSON;22;3916
pytest-dev/pytest-mock;39;3696
tilgovi/pyramid-oauthlib;7;3683
GalSim-developers/GalSim;22;4572
hubo1016/vlcp;24;3285
uploadcare/pyuploadcare;39;4764
GaretJax/django-click;10;3275
coddingtonbear/django-measurement;8;4245
jazzband/sorl-thumbnail;7;5039
ctxis/django-admin-view-permission;19;3012
GenericMappingTools/pygmt;18;2721
automl/SMAC3;44;2934
stormpath/stormpath-documentation;24;3300
tardis-sn/tardis;155;4648
wmayner/pyphi;30;3796
NagiosEnterprises/ncpa;32;3878
blue-yonder/pyscaffold;26;3802
reingart/pyafipws;7;4047
zalando/spilo;29;3422
deepchem/deepchem;20;3261
jensengroup/propka;5;4320
lsst/sims_maf;12;3412
mirnylab/cooltools;19;2748
rhiever/tpot;30;3221
ROGUE-JCTD/rogue_geonode;5;4105
biocore/qiita;28;3990
evansde77/cirrus;88;3826
google/capirca;9;3313
jmcgeheeiv/pyfakefs;61;3454
Swimlane/swimlane-python;65;3156
hikari-py/hikari;64;1475
GovReady/govready-q;29;3044
GrumpyNounours/PySeidon;6;3720
SynBioDex/pySBOL;7;3109
bethgelab/foolbox;59;2633
ni/nimi-python;31;2666
IDSIA/sacred;14;3804
OasisLMF/OasisLMF;134;2418
greedo/python-xbrl;5;3678
rmjarvis/TreeCorr;12;3691
romanvm/script.module.simpleplugin;38;3288
vit-project/vit;13;2918
snapcore/snapcraft;155;3227
sphinx-contrib/sphinxcontrib-versioning;11;2999
wh1te909/tacticalrmm;150;1772
allenai/pybart;40;1746
bioinform/somaticseq;58;3430
intentionet/netconan;21;2464
pyparallel/pyparallel;6;3323
PyO3/setuptools-rust;49;2730
creativeprojects/resticprofile;45;1906
HelloZeroNet/ZeroNet;22;3517
Yubico/yubikey-manager;39;2978
rackerlabs/scantron;45;2201
nlgranger/SeqTools;8;2625
IN-CORE/pyincore;90;1714
mjs7231/python-plexapi;53;3531
IQTLabs/poseidon;105;3033
chdsbd/kodiak;58;1960
iotaledger/iota.py;33;2832
jadchaar/SEC-EDGAR-Downloader;22;2078
thebigmunch/google-music;14;2140
triaxtec/openapi-python-client;79;1657
IdentityPython/pyop;20;2921
SeitaBV/flexmeasures;49;1364
StackIQ/stacki;43;3397
MycroftAI/adapt;15;3278
cisco-ie/cisco-gnmi-python;14;2262
dropbox/groupy;5;3643
facetoe/zenpy;23;3490
fizyr/keras-retinanet;6;2572
google/pyu2f;6;2766
jollychang/robotframework-appiumlibrary;17;3751
romanvm/script.module.pyxbmct;9;3724
twidi/django-extended-choices;13;4883
Syndace/python-omemo;20;2525
neithere/argh;24;4027
tBuLi/symfit;24;3637
adafruit/Adafruit_Blinka_bleio;27;1657
aws/aws-encryption-sdk-cli;12;2765
eventbrite/eventbrite-sdk-python;6;3556
mollie/mollie-api-python;66;3754
robotframework/robotframework;81;3716
tenable/pyTenable;19;2445
zaibacu/rita-dsl;8;1881
Jenyay/outwiker;54;4118
agronholm/anyio;5;2201
pykickstart/pykickstart;23;3608
SanPen/GridCal;24;3151
catalystneuro/nwb-conversion-tools;11;1861
elbakramer/koapy;15;1441
firstlookmedia/dangerzone;18;1696
firstlookmedia/gpgsync;11;3121
micahflee/onionshare;34;3753
pypeit/PypeIt;24;3372
calliope-project/calliope;26;3998
meanmedianmoge/zoia_lib;7;1656
inferno-pytorch/inferno;9;2640
magenta/magenta;48;3037
KevinMusgrave/pytorch-metric-learning;50;1772
geometalab/osmaxx;20;3520
Kozea/WeasyPrint;73;4769
KwanLab/Autometa;13;1745
calum-chamberlain/EQcorrscan;36;3389
cdqa-suite/cdQA;5;2054
sncosmo/sncosmo;21;4290
weaverba137/pydl;19;4194
PyBossa/pybossa;62;4666
inspirehep/inspire-next;138;3909
asyml/forte;11;1847
kipoi/models;49;2542
LedFx/LedFx;34;1350
aleph-im/pyaleph;37;1998
intracom-telecom-sdn/nstat;5;3410
aimhubio/aim;65;1917
deepset-ai/haystack;117;1750
desbma/sacad;63;3791
MikkelSchubert/paleomix;26;4201
bridgecrewio/checkov;1922;1737
gwforg/gwf;7;4086
hyperledger/aries-cloudagent-python;89;1893
locustio/locust;122;4942
smarkets/marge-bot;13;2618
MongoEngine/django-mongoengine;15;4489
django-cms/django-cms;17;5656
jazzband/django-configurations;11;4422
mathiasertl/django-ca;38;3172
pybel/pybel;97;2904
MycroftAI/selene-backend;10;2220
SigmaHQ/sigma;27;2805
lablup/backend.ai-manager;25;3366
computationalmodelling/fidimag;8;3261
markovmodel/PyEMMA;26;3614
otsaloma/gaupol;51;4891
otsaloma/nfoview;43;4911
scikit-rf/scikit-rf;31;4606
NHERI-SimCenter/pelicun;10;2192
aws/aws-xray-sdk-python;27;2537
cornellius-gp/gpytorch;33;2638
etingof/pyasn1;18;3108
nicolas-chaulet/deeppointcloud-benchmarks;10;1728
tomasbedrich/pycaching;35;4048
djangonauts/django-hstore;17;4976
dotKom/onlineweb4;486;4494
globocom/database-as-a-service;279;4018
jodal/comics;40;5589
valdergallo/django-compress-field;9;3745
pm4py/pm4py-core;144;2249
ercdndrs/AutoMaxLair;11;1370
pricingassistant/mrq;5;3850
SuLab/WikidataIntegrator;33;2844
dulwich/dulwich;25;5639
prismicio/python-kit;15;4046
toomore/grs;21;4535
chgroenbech/scVAE;7;2754
SeanNaren/deepspeech.pytorch;6;2788
ivadomed/ivadomed;34;2408
PrincetonUniversity/PsyNeuLink;58;2996
ml4ai/delphi;7;2404
deanishe/alfred-duden;7;3679
fedora-infra/bodhi;87;5683
teamsempo/SempoBlockchain;24;1837
asdf-format/asdf;50;3810
burnash/gspread;61;4654
uw-cmg/MAST;13;4186
younho9/narkdown;24;1445
Qiskit/qiskit-ignis;14;2088
RasaHQ/rasa-sdk;95;2264
bear/python-twitter;12;4369
photo/openphoto-python;6;4709
willemarcel/osmcha-django;79;3313
ReproNim/neurodocker;23;2690
team-ocean/veros;20;2702
WattTime/pyiso;8;3806
teamhephy/controller;14;2547
frankkramer-lab/MIScnn;5;1939
ilius/pyglossary;20;4967
SAP/InfraBox;13;2352
ergoithz/browsepy;12;3901
SEED-platform/seed;88;3601
SK-415/HarukaBot;58;1415
cqmoe/python-aiocqhttp;5;2291
colour-science/colour;22;3840
oemof/tespy;42;2453
pauliacomi/pyGAPS;26;2591
pzivich/zepid;22;2515
spacetelescope/specviz;23;3125
spacy-io/thinc;81;3605
SeldonIO/MLServer;16;1535
alteryx/evalml;103;1869
biotite-dev/biotite;56;2587
pupil-labs/pupil;116;4030
kengz/SLM-Lab;26;2522
discogs/discogs_client;7;4872
grid-control/grid-control;5;3963
calaldees/KaraKara;5;4539
ViDA-NYU/reprozip;37;3768
aerospike/aerospike-admin;83;3647
devexp-db/distgen;21;3398
Taapat/enigma2-plugin-youtube;226;3342
etingof/pysmi;12;3108
geopython/OWSLib;21;4611
ipop-project/controllers;8;3830
lukaszbanasiak/yahoo-finance;12;3771
kevthehermit/PasteHunter;6;2553
Yubico/python-u2flib-server;5;3851
google/grr;28;3921
TuxSH/firmtool;5;2766
algorand/py-algorand-sdk;42;1905
VisTrails/VisTrails;8;4404
rst2pdf/rst2pdf;11;3458
os/slacker;55;3823
automl/HPOBench;6;1689
ctlearn-project/ctlearn;16;2877
mushorg/tanner;6;3309
owtf/owtf;12;4606
e-koch/FilFinder;10;4115
pyspeckit/pyspeckit;14;4343
radio-astro-tools/spectral-cube;18;3790
spacetelescope/gwcs;18;3515
aio-libs/sockjs;12;3433
aws/deep-learning-containers;1924;1685
geospace-code/pymap3d;57;3679
mithi/hexapod-robot-simulator;5;1658
opencobra/memote;50;3030
cobrateam/django-htmlmin;5;4858
coala-analyzer/coala;17;3759
devitocodes/devito;38;3081
biobakery/MetaPhlAn;26;1652
nucypher/nucypher;11;2570
andsor/pyfssa;12;3654
berkeley-cocosci/Wallace;17;3661
hamcrest/PyHamcrest;10;4997
tmux-python/libtmux;103;3021
tmux-python/tmuxp;177;4020
dsavransky/EXOSIMS;35;3377
pubnub/python;57;4206
holoviz/holoviz;8;2532
astropy/regions;5;3394
mhvk/baseband;17;3242
avocado-framework/avocado;35;3830
bashtage/randomgen;32;2382
borgbackup/borg;102;3396
awslabs/amazon-qldb-driver-python;14;1779
seisman/HinetPy;36;3651
bccp/nbodykit;7;3418
blaze/blaze;14;4325
viniciuschiele/flask-io;22;3372
roclark/sportsipy;20;2305
rhinstaller/blivet;25;3857
cloudify-cosmo/cloudify-aws-plugin;89;3535
celery/py-amqp;11;4420
edx/repo-tools;29;3969
erudit/eruditorg;12;3233
dwave-examples/factoring;5;2354
wtforms/wtforms;10;4005
lmacken/liveusb-creator;6;5679
virt-manager/virt-manager;5;3387
cov-lineages/pangolin;92;1607
nidhaloff/igel;14;1462
pyskell/slouchy;5;3251
davidfor/calibre-annotations;28;4095
koordinates/sno;34;2229
deathlyface/python-tradingview-ta;23;1573
jupyter/jupyter_client;53;3430
dictation-toolbox/caster;5;3949
django-tastypie/django-tastypie;8;5267
karec/oct;7;3545
superdesk/superdesk-core;210;3297
socketubs/Sublimall;26;3859
eea/sparql-client;7;4363
emlid/ntripbrowser;5;2905
kanaka/websockify;8;4977
pietroalbini/botogram;14;3354
fonttools/ufoLib2;37;2306
gklyne/annalist;18;4206
microsoft/maro;21;1707
sns-sdks/python-youtube;9;2002
pybamm-team/PyBaMM;45;2129
rq/django-rq;12;4489
jazzband/django-pipeline;14;4836
jjangsangy/py-translate;14;3804
pierky/arouteserver;99;2768
josephbestjames/airtable.py;12;3465
maxmind/GeoIP2-python;40;4161
mozilla/django-tidings;9;4906
mozilla/remo;75;4612
tiangolo/meinheld-gunicorn-docker;5;2056
python-telegram-bot/python-telegram-bot;115;3341
