Repository,Star Count,Repo URL
PyGithub/PyGithub,5923,https://github.com/PyGithub/PyGithub
Mansimran7/ASE_Group12_Hws,2,https://github.com/Mansimran7/ASE_Group12_Hws
yangshun/tech-interview-handbook,89160,https://github.com/yangshun/tech-interview-handbook
21epub/pro-components,0,https://github.com/21epub/pro-components
wetrial/wetrials,24,https://github.com/wetrial/wetrials
minhaclarodev-global/amplify-js,0,https://github.com/minhaclarodev-global/amplify-js
bkkr-team/bkkr-choices,0,https://github.com/bkkr-team/bkkr-choices
SteveLin100132/-wisrtoni40-confluent-schema,0,https://github.com/SteveLin100132/-wisrtoni40-confluent-schema
image-component/react-image-shadow,21,https://github.com/image-component/react-image-shadow
wetrial/wetrials,24,https://github.com/wetrial/wetrials
AymanZahran/ProjenTest,0,https://github.com/AymanZahran/ProjenTest
aruresto/thfinder,0,https://github.com/aruresto/thfinder
SteveLin100132/wistroni40-bnft,0,https://github.com/SteveLin100132/wistroni40-bnft
wetrial/wetrials,24,https://github.com/wetrial/wetrials
wifi-tally/wifi-tally,68,https://github.com/wifi-tally/wifi-tally
SellerSpot/webpack-run-scripts-custom-plugin,0,https://github.com/SellerSpot/webpack-run-scripts-custom-plugin
Muniaswari/react-formcreator,0,https://github.com/Muniaswari/react-formcreator
image-component/react-image-dangling,4,https://github.com/image-component/react-image-dangling
bijujoseph/tryout-lib100,1,https://github.com/bijujoseph/tryout-lib100
christianacca/static-web-apps-auth,5,https://github.com/christianacca/static-web-apps-auth
the-holocron/starkiller,0,https://github.com/the-holocron/starkiller
askirmas/git-hooks-wrapper,2,https://github.com/askirmas/git-hooks-wrapper
esatterwhite/multi-release,0,https://github.com/esatterwhite/multi-release
image-component/react-image-follow,4,https://github.com/image-component/react-image-follow
bluelovers/cheerio-create-text-node,0,https://github.com/bluelovers/cheerio-create-text-node
the-holocron/sledgehammer,0,https://github.com/the-holocron/sledgehammer
appcelerator/appc-daemon,8,https://github.com/appcelerator/appc-daemon
the-holocron/animate,0,https://github.com/the-holocron/animate
the-holocron/ahsoka,0,https://github.com/the-holocron/ahsoka
schuchertmanagementberatung/react-dnd,0,https://github.com/schuchertmanagementberatung/react-dnd
