Repository,Subscriber Count,Repo URL
PyGithub/PyGithub,114,https://github.com/PyGithub/PyGithub
Mansimran7/ASE_Group12_Hws,4,https://github.com/Mansimran7/ASE_Group12_Hws
yangshun/tech-interview-handbook,1894,https://github.com/yangshun/tech-interview-handbook
21epub/pro-components,1,https://github.com/21epub/pro-components
wetrial/wetrials,2,https://github.com/wetrial/wetrials
minhaclarodev-global/amplify-js,0,https://github.com/minhaclarodev-global/amplify-js
bkkr-team/bkkr-choices,1,https://github.com/bkkr-team/bkkr-choices
SteveLin100132/-wisrtoni40-confluent-schema,1,https://github.com/SteveLin100132/-wisrtoni40-confluent-schema
image-component/react-image-shadow,2,https://github.com/image-component/react-image-shadow
wetrial/wetrials,2,https://github.com/wetrial/wetrials
AymanZahran/ProjenTest,1,https://github.com/AymanZahran/ProjenTest
aruresto/thfinder,0,https://github.com/aruresto/thfinder
SteveLin100132/wistroni40-bnft,1,https://github.com/SteveLin100132/wistroni40-bnft
wetrial/wetrials,2,https://github.com/wetrial/wetrials
wifi-tally/wifi-tally,15,https://github.com/wifi-tally/wifi-tally
SellerSpot/webpack-run-scripts-custom-plugin,2,https://github.com/SellerSpot/webpack-run-scripts-custom-plugin
Muniaswari/react-formcreator,2,https://github.com/Muniaswari/react-formcreator
image-component/react-image-dangling,2,https://github.com/image-component/react-image-dangling
bijujoseph/tryout-lib100,3,https://github.com/bijujoseph/tryout-lib100
christianacca/static-web-apps-auth,1,https://github.com/christianacca/static-web-apps-auth
the-holocron/starkiller,2,https://github.com/the-holocron/starkiller
askirmas/git-hooks-wrapper,2,https://github.com/askirmas/git-hooks-wrapper
esatterwhite/multi-release,1,https://github.com/esatterwhite/multi-release
image-component/react-image-follow,2,https://github.com/image-component/react-image-follow
bluelovers/cheerio-create-text-node,2,https://github.com/bluelovers/cheerio-create-text-node
the-holocron/sledgehammer,2,https://github.com/the-holocron/sledgehammer
appcelerator/appc-daemon,20,https://github.com/appcelerator/appc-daemon
the-holocron/animate,2,https://github.com/the-holocron/animate
the-holocron/ahsoka,2,https://github.com/the-holocron/ahsoka
schuchertmanagementberatung/react-dnd,4,https://github.com/schuchertmanagementberatung/react-dnd
